nombre_empleado,apellido_empleado,ventas_totales_empleado
Camila,Jiménez,7390
Sebastián,Romero,1156
Juan,Ramos,2407
Miguel,Ruiz,6332
Camila,Moreno,6470
María,Vargas,8227
Gabriela,Vargas,7087
Valentina,Castro,4887
Daniela,García,5366
Sofía,Mendoza,5724
Luis,Jiménez,4986
María,Rodríguez,9845
Sofía,Pérez,7013
Pedro,Moreno,3405
Daniela,García,5547
Miguel,Rodríguez,8765
Ricardo,García,2548
Sebastián,Rodríguez,8982
Luis,Romero,7420
Ana,Sánchez,3343
Isabela,Torres,5338
Laura,Martínez,1172
Sebastián,Pérez,1702
Daniela,Rodríguez,5431
Juan,Sánchez,1818
Andrés,Pérez,3900
Juan,Pérez,7081
Ricardo,Mendoza,1876
Isabela,García,9367
Andrés,Sánchez,5786
Ricardo,Jiménez,6194
Miguel,Jiménez,8175
Daniela,Mendoza,8527
Gabriela,Sánchez,1673
Fernanda,Álvarez,8353
Gabriela,Martínez,5981
Sebastián,Moreno,5679
Sebastián,Álvarez,1156
Ana,Rodríguez,1944
Carlos,Álvarez,6994
Andrés,Jiménez,3164
Miguel,Rodríguez,5712
Valentina,Romero,7378
Diego,Pérez,8775
Miguel,Martínez,9539
Gabriela,Martínez,6188
Valentina,Ruiz,9101
Camila,Torres,6928
Miguel,Romero,3795
Valentina,García,6382
Sebastián,García,9601
Isabela,Ruiz,9861
Luis,García,1657
Javier,Ruiz,7918
Fernanda,Vargas,8926
Valentina,Vargas,6593
Sebastián,Ruiz,8060
Laura,Díaz,4233
Isabela,Jiménez,3637
Ricardo,López,3845
Ana,Mendoza,1456
Miguel,Sánchez,2373
Camila,Pérez,9144
Laura,González,5552
Gabriela,Rodríguez,9835
Sebastián,Rodríguez,9502
Isabela,Moreno,6753
Laura,Martínez,8603
María,Álvarez,4270
Isabela,González,1138
Isabela,Ramos,8848
Andrés,Pérez,8526
Andrés,García,8674
Daniela,Jiménez,6720
Ana,Mendoza,3104
Daniela,González,7477
Miguel,Jiménez,3701
Ana,Ramos,1624
María,López,2360
Ricardo,Álvarez,7978
Gabriela,Mendoza,1841
Luis,Castro,7614
Pedro,Jiménez,4120
Daniela,Hernández,7946
Ana,Castillo,9023
Javier,Rodríguez,8258
Daniela,Ramos,9747
Miguel,Hernández,4348
Sofía,Castillo,5291
Ricardo,Torres,9267
Valentina,Vargas,8559
Gabriela,Sánchez,3795
Andrés,Mendoza,9008
Luis,Jiménez,7697
Carlos,Mendoza,9522
Fernanda,Ruiz,5071
Valentina,López,7403
Pedro,Martínez,3230
Luis,Jiménez,3429
Javier,Álvarez,4858
Luis,Rodríguez,6093
Luis,Vargas,6303
Laura,Jiménez,7723
Fernanda,Ruiz,1865
Diego,Hernández,3754
Pedro,Romero,5289
Carlos,Romero,5919
Daniela,Álvarez,3380
Diego,Torres,3800
Andrés,González,6085
María,Vargas,7911
Luis,Mendoza,1468
Andrés,Ruiz,5857
Gabriela,Moreno,3048
Sofía,Hernández,4157
Gabriela,Martínez,9179
Juan,Ruiz,7213
Luis,Sánchez,9319
Camila,Torres,8185
Miguel,Ramos,5279
Ricardo,Mendoza,6452
Valentina,Jiménez,2490
Valentina,Castillo,9242
Isabela,Sánchez,1801
Juan,Moreno,7646
Juan,Sánchez,2441
Carlos,Sánchez,3315
Andrés,González,4879
Ricardo,Romero,8135
Carlos,Martínez,6084
Miguel,López,1110
Valentina,Álvarez,8696
Gabriela,Díaz,2557
Camila,Hernández,6707
Diego,García,8622
Luis,Ramos,3347
Pedro,Castro,9565
Isabela,Pérez,5146
Juan,Pérez,4973
Ricardo,Pérez,7497
Javier,Díaz,4537
Daniela,Castillo,3837
Fernanda,Jiménez,2003
Isabela,Álvarez,9055
Javier,Jiménez,4588
Gabriela,Ruiz,3874
Sebastián,Moreno,5569
Ana,Hernández,9043
Pedro,Sánchez,6195
Andrés,Hernández,1892
Javier,Sánchez,7278
Daniela,Vargas,1344
Camila,Díaz,6343
Gabriela,Romero,7204
Daniela,Martínez,5315
Camila,Moreno,3784
Pedro,Moreno,4135
Laura,Sánchez,9439
María,Ruiz,1764
Daniela,Ruiz,3250
Ricardo,Martínez,2539
Ana,Torres,5986
Camila,Vargas,1788
Ricardo,Rodríguez,7264
Miguel,Moreno,7546
Ricardo,Moreno,9115
Pedro,Castro,2237
Camila,Martínez,9926
Sofía,López,5247
Laura,Torres,2815
Fernanda,Hernández,7041
Sofía,Rodríguez,8853
Isabela,Rodríguez,9982
Andrés,Sánchez,1337
Daniela,Sánchez,9878
Laura,Moreno,8297
Juan,Hernández,6102
Diego,Castro,3810
Gabriela,Castro,1328
Ricardo,Álvarez,8455
Sofía,Moreno,8312
Javier,López,2881
Miguel,Álvarez,6177
Gabriela,Hernández,8825
María,Pérez,1721
Isabela,Mendoza,9705
Isabela,Ruiz,3384
Luis,Torres,1736
Juan,Castro,6328
Isabela,Rodríguez,9693
Daniela,Díaz,8586
Andrés,Castro,8230
Camila,Castro,7109
Diego,Hernández,7989
Isabela,Castro,2721
Sebastián,Álvarez,1027
Luis,Romero,4213
Sofía,Moreno,7511
Diego,Vargas,7359
Ricardo,Díaz,1191
Laura,Ruiz,1182
Javier,Castro,8103
Pedro,Rodríguez,5107
Ricardo,Álvarez,1019
Ana,García,6940
Juan,Ramos,9392
Sofía,Rodríguez,4355
Fernanda,Jiménez,5108
Diego,Vargas,1545
Ana,Torres,8474
Sebastián,Sánchez,7011
Valentina,López,5255
Javier,Álvarez,4921
Ricardo,González,4387
Juan,Pérez,6090
Sofía,Romero,1071
Pedro,Martínez,6055
Sebastián,Martínez,5273
Valentina,Martínez,1737
Luis,Sánchez,7550
María,Ruiz,5604
Javier,González,9500
María,Álvarez,3096
Camila,Moreno,8753
Miguel,Mendoza,2716
Camila,Torres,6489
Diego,Sánchez,3903
Isabela,García,4437
Laura,Jiménez,7222
Camila,Ramos,9875
Pedro,Sánchez,4137
Carlos,Díaz,7118
Camila,Castro,5993
Valentina,Pérez,7459
Isabela,García,5792
Miguel,Pérez,6789
Andrés,Rodríguez,8135
Ana,Vargas,4400
María,Álvarez,2031
Daniela,Castillo,5745
Miguel,Ramos,7470
Ana,Vargas,6185
Carlos,Vargas,8746
Sebastián,Mendoza,1724
Daniela,García,2589
Laura,Castillo,1746
Sebastián,Martínez,2432
Camila,Jiménez,7708
María,Álvarez,5806
Luis,Martínez,6480
Andrés,Moreno,2831
Ricardo,Moreno,8789
Juan,Vargas,4613
Pedro,González,2115
Camila,García,2367
Sofía,Sánchez,1746
Gabriela,Castro,8478
Diego,Ramos,9478
Ricardo,Romero,1278
Luis,Sánchez,7350
Andrés,Mendoza,2451
Sofía,Castillo,5728
Gabriela,Pérez,4148
Sebastián,González,2389
Daniela,Romero,9079
Diego,Díaz,2988
Daniela,Ramos,2000
Isabela,Vargas,7846
Daniela,Vargas,7326
Camila,García,3840
Pedro,Mendoza,9092
Daniela,Hernández,2920
Ricardo,Vargas,9046
Camila,Castillo,5555
Fernanda,Sánchez,6468
Luis,Romero,1062
Diego,Ruiz,1859
Isabela,Moreno,3208
Isabela,Álvarez,2464
Juan,López,2645
María,Romero,9262
Carlos,Moreno,1392
María,Mendoza,5797
Laura,Sánchez,3878
Ana,Jiménez,3742
Miguel,Sánchez,5122
Pedro,López,6142
Pedro,Álvarez,2706
Ana,Castro,2263
Javier,Vargas,9589
Daniela,Mendoza,4453
Javier,Castro,7356
Fernanda,Ruiz,7551
María,Vargas,1612
María,Castillo,9230
Isabela,Mendoza,9227
Isabela,Moreno,9873
Ricardo,Vargas,3985
Carlos,Álvarez,2709
Isabela,Sánchez,8815
Camila,Jiménez,1063
Diego,Álvarez,1497
Gabriela,Díaz,1174
Juan,González,3265
Fernanda,Castillo,8338
Andrés,Rodríguez,1468
Javier,Martínez,3905
Fernanda,García,6082
Luis,Rodríguez,6290
Fernanda,Hernández,2186
Sebastián,Vargas,7495
Sebastián,Castro,9795
Ricardo,Moreno,6266
Sebastián,Álvarez,6554
María,Castillo,5213
Carlos,Vargas,7476
Camila,Castro,5706
Gabriela,Romero,2131
Daniela,Moreno,6195
Carlos,Díaz,6676
Valentina,Sánchez,4485
Andrés,Hernández,9959
Valentina,Castillo,3661
Sofía,Álvarez,5315
Sofía,Hernández,3869
Daniela,Castro,1535
Carlos,Álvarez,1478
Juan,Hernández,7157
Daniela,López,2078
Ana,Rodríguez,2185
Ricardo,Sánchez,3833
María,Ramos,1215
Laura,García,3574
Isabela,Mendoza,9284
Camila,García,6933
Laura,Hernández,8824
Ana,Ramos,6872
Luis,Sánchez,8606
Luis,Moreno,2330
María,Moreno,9835
Juan,Ramos,9103
Sofía,Romero,6631
María,Torres,4085
María,Vargas,4305
Andrés,Mendoza,3848
Sebastián,Díaz,3776
Ricardo,Mendoza,6915
Andrés,Moreno,6897
Daniela,Torres,7000
Sebastián,Castro,7748
Luis,Vargas,9760
Ricardo,Castro,8342
María,Díaz,3561
Camila,Romero,7986
Sofía,Martínez,6057
Diego,García,8263
Sebastián,Hernández,4638
Pedro,Jiménez,4410
Camila,López,6406
Miguel,Moreno,9503
Diego,García,2993
Pedro,Sánchez,8022
Miguel,Martínez,8517
Fernanda,García,3762
Diego,Pérez,8885
Miguel,González,5037
Sofía,Moreno,6285
Camila,Rodríguez,6757
Ricardo,Vargas,3647
Diego,García,8644
Javier,Romero,4647
Valentina,Romero,9136
Daniela,Mendoza,6740
Javier,Díaz,9866
Ana,Rodríguez,3234
Ricardo,Mendoza,2577
Andrés,Vargas,5780
Sofía,Jiménez,9126
Sofía,Hernández,4629
Juan,Moreno,8532
Pedro,Vargas,6472
Andrés,Hernández,9081
Laura,Martínez,8161
Daniela,Castro,1742
Laura,Castillo,6431
Andrés,López,5114
Ana,Ramos,3653
Valentina,Pérez,3170
Laura,Rodríguez,4381
Sofía,Castro,1481
María,Álvarez,6815
Fernanda,Mendoza,9003
Ricardo,Ruiz,1350
Miguel,Castro,5113
María,Ramos,6396
Javier,Romero,8129
Daniela,Jiménez,5325
Fernanda,García,5521
Juan,Mendoza,2628
Camila,Mendoza,6973
Ana,Mendoza,7187
Ana,Jiménez,9288
Ricardo,Martínez,4699
María,Ruiz,6696
Laura,Mendoza,9932
Miguel,Moreno,5476
Gabriela,Jiménez,8349
Camila,Castro,1341
Valentina,Moreno,1119
Diego,Torres,9051
Luis,Pérez,6307
Laura,Castillo,3040
Valentina,Ramos,3479
Miguel,Moreno,1705
Luis,Castro,1119
Ana,Moreno,6343
Fernanda,Álvarez,4203
Sebastián,Castro,6946
Ricardo,Torres,9776
Miguel,Mendoza,6279
Luis,Ramos,3307
Andrés,Martínez,5253
Andrés,Álvarez,6204
Sofía,Díaz,6650
Daniela,Álvarez,6746
Javier,Moreno,7447
Diego,Díaz,1865
Pedro,Díaz,5550
Isabela,Vargas,6717
María,Álvarez,8577
Daniela,Romero,4653
Juan,Castillo,9568
Ana,Álvarez,6408
María,Castro,1408
Daniela,Rodríguez,9599
Luis,García,4403
Sofía,Martínez,5298
Pedro,Ramos,1883
Sebastián,Ramos,6247
Laura,Mendoza,1040
Javier,Moreno,4443
Luis,Rodríguez,8350
Carlos,Pérez,6350
Gabriela,Rodríguez,6345
Isabela,González,4888
Gabriela,Vargas,3075
Juan,Pérez,9998
Andrés,García,1990
Daniela,Vargas,8022
Pedro,Vargas,2354
Isabela,Castro,2377
María,Vargas,1995
Juan,Jiménez,7996
Camila,Romero,6222
Pedro,Castillo,7825
María,Castro,7395
Ana,Álvarez,4286
Sebastián,Mendoza,8972
Fernanda,Vargas,4996
Ricardo,Romero,2230
María,Rodríguez,2170
Camila,Jiménez,9954
Juan,Castro,1937
Daniela,Álvarez,1655
Carlos,Castro,5658
Laura,Díaz,2285
Gabriela,Díaz,2915
Isabela,García,9246
Isabela,Díaz,7537
Gabriela,Mendoza,9995
Fernanda,López,7765
María,González,3979
Miguel,Díaz,4532
Sofía,Díaz,2668
Pedro,Moreno,6571
Sofía,González,9986
Laura,García,6459
Sebastián,Ruiz,5349
Sofía,Rodríguez,6099
Valentina,Martínez,2105
Laura,Martínez,6030
Miguel,López,5677
Andrés,Hernández,5244
Carlos,Hernández,9548
Laura,Jiménez,7616
Diego,Hernández,8835
Sofía,Pérez,1948
Miguel,Vargas,6810
María,Ramos,2962
Pedro,Vargas,3194
Pedro,Jiménez,9980
Laura,Ruiz,8187
María,Hernández,7316
Luis,Jiménez,1554
Ricardo,Ramos,5938
Gabriela,Hernández,9700
Ana,Díaz,4595
Luis,Mendoza,1096
Javier,Martínez,8135
Sofía,Pérez,9508
Sebastián,Moreno,1824
Juan,Torres,9323
Sebastián,García,7759
Camila,Jiménez,3375
Juan,Hernández,8142
Sofía,Vargas,3155
Juan,López,1731
Ana,Romero,8305
Daniela,García,9009
María,Moreno,9603
Daniela,Moreno,2080
Diego,Moreno,6346
Pedro,Díaz,2346
Diego,Mendoza,1750
Diego,Romero,4636
Diego,Rodríguez,4669
Sebastián,Martínez,4205
Luis,López,6350
Isabela,Vargas,4894
Fernanda,Romero,5220
Pedro,González,3121
Carlos,Castro,9271
Isabela,González,5938
Luis,González,7630
Miguel,Castillo,9661
Gabriela,Sánchez,9539
Diego,Pérez,7119
Camila,López,4492
Ana,Castillo,6338
Camila,Álvarez,8262
Javier,Vargas,5656
Gabriela,García,6250
Isabela,Pérez,3280
Camila,Ruiz,8483
Carlos,Sánchez,2725
Isabela,Martínez,9690
Pedro,Pérez,6329
Pedro,Vargas,5271
Javier,López,9768
Fernanda,García,1581
Andrés,Ramos,3395
Camila,Sánchez,6351
Valentina,Pérez,5527
Luis,Hernández,7232
María,Pérez,4661
Javier,Ruiz,8275
Ana,Moreno,3477
Andrés,Moreno,5371
Isabela,Torres,5700
María,Torres,9866
Diego,Castro,2864
Sofía,Romero,5370
Fernanda,Hernández,8927
Laura,Mendoza,1505
Miguel,Vargas,5084
Laura,Rodríguez,2561
Isabela,Díaz,1970
Valentina,Pérez,6103
Laura,Castillo,6064
Diego,Álvarez,4399
Juan,Ruiz,2427
Ana,Sánchez,6497
Pedro,Rodríguez,7076
Pedro,Castillo,5668
Miguel,Rodríguez,3526
Carlos,Rodríguez,1901
Carlos,Hernández,1537
Laura,Rodríguez,7212
Sebastián,González,4278
Luis,Díaz,4141
María,Jiménez,3094
María,Castillo,8117
Luis,Moreno,4008
Sofía,Ruiz,5399
Isabela,Martínez,5794
Pedro,Vargas,8433
Isabela,Rodríguez,3335
Laura,Castro,6172
María,García,8872
Valentina,Álvarez,8548
Luis,Jiménez,4051
Ana,Ramos,9172
María,Pérez,5211
Sebastián,Martínez,9901
Andrés,García,1473
Laura,Jiménez,9518
Daniela,Sánchez,8243
Daniela,Rodríguez,8709
María,Torres,6322
Isabela,Rodríguez,6775
Sebastián,Castro,2065
Luis,Castillo,9815
Pedro,Hernández,5569
Sofía,López,2839
María,Jiménez,7211
Valentina,Rodríguez,8804
Sebastián,González,2666
Valentina,Ruiz,8802
Diego,Castro,7500
Daniela,García,7669
Valentina,Díaz,6165
Laura,Sánchez,2789
Isabela,Díaz,5431
Juan,Castro,3832
Luis,Torres,4320
Daniela,García,3488
Ana,Ruiz,7955
Javier,García,5614
Miguel,López,7971
Carlos,Castillo,1763
Isabela,Hernández,4678
Valentina,Torres,2060
Juan,Martínez,7531
Laura,Rodríguez,3049
Carlos,Moreno,5707
Juan,González,1826
Valentina,Castro,2852
Valentina,Ruiz,1399
Camila,Ruiz,1283
Carlos,Romero,7069
Javier,Sánchez,7125
Luis,Pérez,7711
Valentina,Pérez,5936
Isabela,Moreno,9235
Pedro,Díaz,6510
Sofía,Jiménez,1253
Isabela,Torres,9258
Miguel,Vargas,8247
Sebastián,Díaz,8955
Javier,López,3499
Luis,Álvarez,8466
Luis,Castillo,4900
Gabriela,Vargas,7318
Juan,Álvarez,1559
Pedro,Castro,6731
Gabriela,Castillo,9139
Sebastián,Torres,1491
Daniela,Martínez,6731
Isabela,Vargas,5644
Isabela,Hernández,2720
Luis,Vargas,3327
Ricardo,Vargas,4041
Valentina,Mendoza,9606
Miguel,Romero,6726
Juan,Castillo,1782
Sebastián,Ruiz,1893
Isabela,Martínez,9589
Juan,Moreno,7183
Luis,Ramos,8114
Diego,López,9407
Isabela,Castillo,6052
Sebastián,González,9890
María,Hernández,1609
Gabriela,Castro,8478
Luis,Díaz,7053
Valentina,López,9014
Andrés,Díaz,3364
María,López,6411
Pedro,Romero,2097
Fernanda,Jiménez,6508
Luis,Castro,5244
Sofía,Moreno,5173
Sebastián,Hernández,4797
Pedro,García,3810
Miguel,Castro,6047
María,González,1722
Isabela,García,7827
Andrés,Díaz,7246
Pedro,Martínez,4968
Isabela,Moreno,2926
Isabela,Castro,1900
Ricardo,Castro,5831
Luis,López,5768
Fernanda,Torres,8864
Daniela,Álvarez,7455
Miguel,González,8652
Javier,Jiménez,9376
Laura,Álvarez,1946
María,Jiménez,4642
Carlos,Hernández,2354
Laura,Pérez,3819
Ana,Ramos,3086
Laura,Castro,3665
Fernanda,Rodríguez,9627
Miguel,Castro,4822
Diego,Moreno,2952
Javier,Ramos,6102
Isabela,Castro,8300
Miguel,Vargas,8625
Valentina,Moreno,4521
Laura,Rodríguez,1963
Ricardo,Castillo,7105
Miguel,Torres,7852
Valentina,López,7411
Diego,Pérez,9538
Sofía,Pérez,2587
Pedro,Vargas,5472
Carlos,López,1923
Laura,Sánchez,1561
Ana,García,3401
Fernanda,Vargas,6670
Carlos,García,6787
Sebastián,Mendoza,4847
Luis,Álvarez,4317
Gabriela,González,3060
Ricardo,Castro,4363
Laura,González,4767
Gabriela,Moreno,1659
Camila,Jiménez,7043
Diego,García,7111
Fernanda,Mendoza,4981
Andrés,García,6998
Andrés,Jiménez,7919
Carlos,Jiménez,4518
Ricardo,Ruiz,3553
Andrés,Ruiz,5304
Miguel,Castro,8868
Diego,Martínez,6644
Ricardo,Jiménez,2190
Carlos,Castillo,1395
Ana,Ramos,8513
Gabriela,Romero,1241
Laura,Castillo,8442
Laura,Ruiz,6917
Isabela,Vargas,8377
Laura,Jiménez,3179
Miguel,Ramos,2837
Pedro,Ruiz,5289
Camila,Moreno,7523
Sofía,Díaz,3065
Diego,López,8935
Pedro,Torres,8794
Sebastián,Pérez,7157
Pedro,Hernández,3202
Pedro,Rodríguez,4597
Sofía,Jiménez,4795
Gabriela,Álvarez,1244
Pedro,Vargas,1349
Javier,Torres,3146
Luis,Jiménez,2201
Ricardo,Rodríguez,3502
Javier,Ramos,6289
Valentina,Vargas,6649
Juan,Torres,3413
Diego,Álvarez,9640
Diego,Álvarez,4910
Camila,Moreno,7298
Andrés,Castro,8199
Pedro,Martínez,1545
Luis,Romero,2200
Daniela,Álvarez,7446
Ana,Pérez,5653
Valentina,Castillo,3276
Juan,Ruiz,5230
Fernanda,Vargas,3994
Camila,López,8737
Valentina,López,1108
Carlos,Ramos,3547
Valentina,Torres,4480
Javier,Moreno,1162
Gabriela,López,4431
Daniela,Romero,7682
Carlos,Castillo,6348
Ana,González,2123
Miguel,Sánchez,3860
Andrés,Ruiz,9914
Miguel,Rodríguez,7083
Ana,Sánchez,4177
Diego,Castro,1141
Daniela,González,3942
Fernanda,González,6159
Carlos,López,6082
Valentina,Rodríguez,9137
Pedro,Ruiz,6437
Laura,Torres,2802
Miguel,Mendoza,7585
Javier,Torres,7196
Fernanda,Rodríguez,3591
Ricardo,Jiménez,1050
Juan,Mendoza,9950
Andrés,Jiménez,5063
Laura,Álvarez,9223
Fernanda,Ruiz,5514
Daniela,Ruiz,7416
Camila,Ramos,1788
Javier,Mendoza,5302
Valentina,Torres,9102
Pedro,Álvarez,9934
Gabriela,Castro,6429
Sofía,Díaz,7071
Juan,Romero,6242
Pedro,Jiménez,7536
Carlos,López,6197
Sofía,Mendoza,1796
Valentina,Hernández,3377
Daniela,Díaz,7824
Carlos,López,2576
Pedro,Martínez,9625
Laura,García,7800
Ricardo,García,5372
Camila,Castro,4988
Diego,Díaz,6254
Isabela,Mendoza,7804
Juan,Vargas,2278
Isabela,Romero,4115
Ana,Pérez,9846
Daniela,Romero,6531
Isabela,Mendoza,7218
Luis,Mendoza,1407
Luis,García,6581
María,Sánchez,6218
Valentina,Jiménez,8326
Ana,Díaz,1221
Isabela,López,9814
Valentina,Castro,5261
Daniela,Pérez,4637
Gabriela,Díaz,5400
Carlos,Rodríguez,5090
Daniela,Hernández,1757
Carlos,Martínez,7019
Pedro,Díaz,3731
Sebastián,Sánchez,8101
Pedro,Castillo,8533
Ricardo,Rodríguez,1349
Ana,Sánchez,4956
Andrés,Díaz,8258
Laura,Ruiz,8867
Diego,Ruiz,7520
Luis,Rodríguez,1312
Ricardo,Martínez,7372
Ricardo,Martínez,6528
Camila,Ruiz,5443
Miguel,Vargas,9957
Valentina,López,9124
Ana,López,2737
Ricardo,Torres,2577
María,Díaz,9714
Gabriela,Vargas,9546
Javier,Sánchez,8464
Fernanda,Romero,2445
Daniela,Mendoza,3723
Andrés,López,1505
Isabela,Hernández,1295
Juan,Ruiz,6297
Isabela,Martínez,2779
María,Ruiz,5537
Carlos,Ramos,9677
Miguel,Martínez,4174
Daniela,Moreno,9250
Isabela,Pérez,2308
Pedro,Vargas,1036
Ricardo,López,3450
Laura,González,4330
Juan,Jiménez,7326
Juan,Díaz,6381
Andrés,Moreno,2449
Valentina,Álvarez,2765
Laura,Jiménez,7496
Camila,Álvarez,8522
Gabriela,Díaz,4751
Miguel,Ruiz,6574
Ana,Díaz,8479
Pedro,Jiménez,4893
Camila,Moreno,2793
Sebastián,Pérez,3141
Sebastián,Ruiz,1680
Miguel,Ramos,6678
Ana,García,2229
Isabela,Torres,5421
Ricardo,Sánchez,1822
Andrés,Moreno,5508
Isabela,Romero,8680
Diego,Ruiz,6456
Juan,Sánchez,4470
Isabela,Vargas,8431
Sebastián,Sánchez,2868
Valentina,Álvarez,2576
Fernanda,Pérez,9471
Ana,Díaz,2944
Andrés,Romero,5995
Andrés,Sánchez,2283
Carlos,González,7749
Luis,Mendoza,2124
Diego,Castro,9363
Gabriela,Pérez,9931
Daniela,Hernández,4198
Gabriela,Romero,4044
Andrés,Mendoza,5345
Miguel,Ruiz,4318
Valentina,Álvarez,4640
Juan,Mendoza,4204
Sofía,Moreno,2637
Laura,Álvarez,2326
Ricardo,López,9426
María,Torres,9391
Sofía,Ruiz,8818
Sebastián,Ruiz,9163
Camila,Torres,7481
Ricardo,Rodríguez,1719
Miguel,Ruiz,6176
Ricardo,López,1501
Valentina,Moreno,5236
Javier,Moreno,9616
Gabriela,Torres,1623
Andrés,Hernández,1558
Isabela,Sánchez,4089
Carlos,Martínez,1992
Luis,Pérez,4770
Daniela,López,8015
Carlos,Díaz,7920
Isabela,Rodríguez,2065
Diego,Ruiz,8703
María,Díaz,8344
Sebastián,Pérez,4938
Pedro,López,6984
María,Castro,6276
Laura,Díaz,5708
Ricardo,Díaz,3639
Fernanda,Castro,4372
Miguel,Martínez,2520
Juan,Castillo,4918
Ana,Castro,3619
Gabriela,Pérez,9255
Andrés,Jiménez,7967
Sofía,Rodríguez,4979
Ricardo,García,1666
Diego,Rodríguez,3257
Ana,Castro,5165
Daniela,Jiménez,9109
Pedro,Torres,6293
Juan,García,3724
Valentina,Mendoza,6666
María,Jiménez,9246
Isabela,García,1596
Valentina,González,1395
Juan,Pérez,2006
Carlos,Pérez,6059
Ricardo,Rodríguez,8414
Gabriela,Ruiz,7788
Andrés,Díaz,6279
Valentina,Ramos,2184
Ricardo,Díaz,4609
Sebastián,Díaz,5250
Laura,López,8569
Miguel,Castillo,8589
Juan,Vargas,6085
Pedro,Romero,9667
Sofía,Jiménez,8498
Diego,Torres,3768
Andrés,Jiménez,5290
Ricardo,González,8941
Miguel,Torres,1253
Daniela,Castillo,4924
Ana,Romero,2679
Daniela,Jiménez,9834
Isabela,Torres,3254
Fernanda,Moreno,7813
Javier,Torres,1335
Fernanda,Ramos,7144
Ana,Rodríguez,9581
Juan,Castro,4045
Luis,Castro,9232
Sebastián,Castillo,4287
Andrés,López,1426
Luis,Castillo,4787
Miguel,Martínez,1296
Pedro,Martínez,3616
Gabriela,Álvarez,2182
Gabriela,Castillo,1373
Juan,Álvarez,6205
Isabela,Moreno,2784
Valentina,Torres,1929
Daniela,López,8531
Gabriela,Álvarez,7931
Javier,Álvarez,8144
Laura,Romero,3484
Sebastián,Castro,1607
Sebastián,Ramos,8194
Javier,Moreno,7902
María,Castro,4863
Sofía,Rodríguez,9421
Isabela,Castillo,6563
Luis,Castro,7248
María,Moreno,6706
Sofía,Castro,6559
Gabriela,González,5684
Andrés,Ruiz,5521
Gabriela,Jiménez,4532
Luis,López,9805
Valentina,Vargas,3458
Sofía,Vargas,1773
Ricardo,Jiménez,3704
Valentina,Castro,7311
Miguel,Romero,5655
Luis,González,3715
Sofía,Torres,8928
Ana,González,5450
Pedro,Martínez,9721
Diego,Álvarez,5513
Valentina,Pérez,8131
Diego,Rodríguez,8521
Daniela,Ramos,7301
Juan,Ruiz,1322
Laura,Rodríguez,3330
Javier,Romero,7556
Sofía,López,9765
Juan,Hernández,8822
María,Díaz,9659
Juan,González,4946
Carlos,Vargas,6277
Luis,Díaz,4277
Sebastián,Hernández,2578
Carlos,Castillo,4473
Gabriela,López,2448
Fernanda,Sánchez,2827
Valentina,Ruiz,6197
Sofía,López,6734
Sebastián,Jiménez,8631
Ricardo,Romero,9957
Valentina,Martínez,5414
Laura,García,8121
Ricardo,Ruiz,6536
Miguel,Hernández,6885
Valentina,Hernández,2651
Ana,Díaz,2407
Javier,Ruiz,2621
Carlos,Rodríguez,7325
Juan,Díaz,3863
Valentina,Ruiz,9964
Carlos,Hernández,8280
Laura,Álvarez,5794
Gabriela,Castro,6418
Luis,Martínez,8337
Laura,Ruiz,9531
Sebastián,Vargas,4373
Luis,Mendoza,9185
Andrés,Pérez,4452
Daniela,López,2787
Laura,Castro,2081
Luis,Castro,7274
Pedro,Sánchez,1149
Sofía,Díaz,8133
Diego,Pérez,2561
Valentina,Sánchez,2449
Sebastián,Martínez,3223
Isabela,Hernández,7742
Laura,Martínez,9910
Camila,García,4538
Pedro,Moreno,9382
Isabela,Hernández,4745
Luis,Pérez,3411
Miguel,Jiménez,2593
Andrés,Ramos,2787
Isabela,Pérez,8732
Gabriela,Pérez,9232
Luis,Romero,8899
Andrés,Ramos,5340
Sebastián,Castillo,8828
Sofía,Romero,4992
Valentina,Hernández,9930
Sebastián,Rodríguez,2698
Miguel,Castro,1793
Sebastián,González,4956
María,Martínez,6238
Juan,Castillo,7827
Andrés,González,4204
Luis,Ramos,6198
Diego,Martínez,4037
Sofía,Mendoza,8718
Ricardo,García,5455
Sofía,Romero,7911
Miguel,González,7960
Valentina,Ruiz,6917
Valentina,Pérez,5881
Ricardo,Jiménez,1435
Luis,García,3425
Carlos,Jiménez,3997
Laura,González,2070
Fernanda,Rodríguez,6478
Sofía,Ramos,2233
Laura,Ramos,8284
Carlos,Ruiz,9757
Pedro,Castro,9928
Camila,Castro,9847
Isabela,Moreno,8848
Laura,Ruiz,5603
Pedro,Álvarez,5142
Fernanda,Díaz,6255
Diego,Sánchez,5167
Carlos,Sánchez,6635
Diego,Hernández,6956
Camila,González,4750
Daniela,Martínez,2857
Fernanda,Díaz,9132
Valentina,Pérez,8099
Laura,Sánchez,9708
Javier,Ruiz,5679
Laura,Rodríguez,7198
Miguel,Rodríguez,5652
Sebastián,Martínez,8655
Juan,Pérez,8437
Isabela,Ruiz,6803
Laura,Romero,7462
Daniela,Hernández,9372
Laura,Castillo,5906
Isabela,Hernández,1561
Sebastián,López,8555
Pedro,Pérez,3613
Diego,Castro,6500
Luis,Torres,8450
Ricardo,Martínez,6369
Diego,Sánchez,1070
María,Sánchez,7282
Camila,Castro,9583
Sebastián,Vargas,1415
Isabela,Vargas,8178
Juan,González,5608
Ricardo,García,6625
Javier,Mendoza,1466
Isabela,Hernández,7598
Juan,Castro,3882
Valentina,Vargas,3743
Fernanda,Torres,7186
Fernanda,Hernández,6265
Luis,González,9909
María,Castillo,3759
Ricardo,Torres,4640
Diego,González,6037
Camila,Castillo,3250
Juan,Jiménez,4755
Ricardo,Castro,6706
Javier,Martínez,5329
Laura,Jiménez,6531
Ana,Sánchez,4817
Carlos,Díaz,8142
Javier,García,5071
Sebastián,Martínez,3603
Pedro,Martínez,5394
María,Rodríguez,1685
Pedro,López,7504
Isabela,Castro,6240
Juan,Ramos,5548
Miguel,Ramos,6066
Juan,López,5090
Pedro,Pérez,1491
Valentina,Moreno,4845
Juan,Sánchez,1216
Gabriela,Ruiz,3001
Ricardo,Vargas,2446
Javier,Torres,3785
Ricardo,Mendoza,8086
María,Mendoza,6616
Daniela,Pérez,3829
Javier,Rodríguez,2169
Camila,Álvarez,2511
Sebastián,Ruiz,4812
Pedro,García,5239
Valentina,Castro,7787
Laura,Vargas,4206
Ricardo,Pérez,1217
Sebastián,Pérez,5092
Valentina,Vargas,9240
Isabela,Rodríguez,9982
Daniela,Romero,8702
Pedro,García,9653
Ana,Castro,1158
Juan,López,8920
Laura,Rodríguez,4386
Daniela,López,7696
Luis,Ruiz,9159
Andrés,Rodríguez,7101
Miguel,Torres,4181
Fernanda,Ramos,3311
Ana,Martínez,9476
Pedro,Álvarez,1893
Laura,Díaz,8829
María,Torres,1612
Luis,Torres,9911
Daniela,López,9235
Carlos,Jiménez,4542
Valentina,González,4141
Luis,Hernández,1653
Fernanda,Ruiz,7594
Gabriela,López,6308
Gabriela,Castillo,4948
Javier,Martínez,2573
Miguel,Pérez,3431
Laura,González,3702
Diego,Vargas,3570
Miguel,Castro,1418
Miguel,Rodríguez,7469
Ricardo,Ruiz,8256
Daniela,Romero,6458
Sofía,Díaz,7552
Pedro,García,2637
Sofía,Rodríguez,5827
Andrés,Pérez,3715
Andrés,Mendoza,4014
Camila,Mendoza,7773
Juan,Jiménez,1689
Andrés,García,5374
Daniela,Ruiz,9007
Andrés,Mendoza,3060
Sebastián,Romero,3387
Andrés,Mendoza,5117
Diego,Castro,6762
Diego,Castillo,2436
Daniela,Ramos,8812
Valentina,Castillo,8239
Juan,Pérez,5735
Gabriela,Romero,2812
Juan,Martínez,7406
Carlos,Sánchez,6223
Ricardo,Rodríguez,4031
Fernanda,Álvarez,3248
Juan,Rodríguez,2822
María,Castillo,8012
Pedro,Jiménez,5869
Andrés,Díaz,2063
Miguel,Jiménez,3604
Valentina,Castro,1465
Andrés,Jiménez,8117
Pedro,Martínez,3407
Isabela,Castillo,9653
Ana,Castillo,6997
Sebastián,Hernández,7382
Carlos,Pérez,8623
Gabriela,Sánchez,1179
Andrés,Rodríguez,8792
Sebastián,Castillo,7516
Diego,Ruiz,3147
Diego,Sánchez,7031
Ricardo,Rodríguez,8517
Javier,Moreno,4447
Carlos,Ruiz,9546
Isabela,Castillo,1690
Fernanda,González,8027
Daniela,Jiménez,3644
Laura,Castillo,7599
Luis,Castro,3288
Juan,Álvarez,6153
Carlos,Jiménez,9524
Ricardo,Rodríguez,2207
Juan,Romero,3273
Andrés,Castillo,6060
Miguel,Díaz,9729
Juan,Vargas,8914
María,Sánchez,7672
Gabriela,Álvarez,2325
Laura,Mendoza,8202
Diego,García,4971
Diego,Romero,8443
Andrés,Ruiz,4484
Juan,Torres,3733
Camila,Castro,7431
Javier,Pérez,2945
Diego,Castillo,8811
Miguel,Díaz,2588
Diego,Mendoza,5772
Diego,Torres,7159
Carlos,Castillo,3582
Fernanda,Castro,7246
Laura,Castro,4435
Juan,Pérez,6170
Laura,Romero,4223
Juan,Romero,6801
Valentina,Sánchez,5883
Ana,Sánchez,5648
Camila,López,8751
Laura,Moreno,3979
Juan,Mendoza,6505
Ana,Díaz,7313
Valentina,Pérez,9218
Juan,Torres,7378
Juan,Torres,5801
María,López,1225
Gabriela,García,7859
Gabriela,Moreno,1348
Luis,Ruiz,4232
Miguel,Rodríguez,9911
María,Sánchez,9531
Carlos,Díaz,8464
Pedro,Rodríguez,1911
Fernanda,López,6172
Javier,Pérez,7357
Carlos,Jiménez,6546
Daniela,Pérez,3642
Luis,Ruiz,2075
Daniela,Hernández,9210
Ricardo,Jiménez,9117
Ana,López,6881
Juan,Romero,1556
Daniela,Jiménez,5377
Andrés,González,2246
Miguel,Torres,6635
Laura,Castro,5915
Diego,Díaz,2279
Ana,Ramos,3156
Diego,López,8327
Daniela,López,5645
Javier,García,3420
Sebastián,Sánchez,5495
Javier,Mendoza,4584
Luis,Castro,2366
Diego,Ramos,5884
Fernanda,Moreno,5841
Andrés,Rodríguez,4256
Diego,Díaz,8628
Gabriela,Pérez,7476
Ana,Castillo,6845
Ricardo,Álvarez,4298
Andrés,Hernández,1823
Fernanda,Romero,2400
Luis,Sánchez,3507
Diego,Díaz,1862
Juan,García,4079
Daniela,Hernández,6735
María,Jiménez,1639
Diego,Castro,9218
Daniela,Martínez,1513
Pedro,Martínez,3543
Ricardo,Hernández,3192
Fernanda,Ruiz,9320
Luis,Castro,6178
Fernanda,Moreno,9452
Isabela,Castro,6522
Sebastián,García,5419
Luis,Vargas,2454
Camila,Vargas,9403
María,Moreno,3798
Pedro,González,1380
Fernanda,Jiménez,7526
María,Pérez,9573
Sebastián,Vargas,3532
Gabriela,Álvarez,2249
Fernanda,Ramos,4818
Valentina,Castro,4148
Gabriela,Rodríguez,1931
Luis,García,8243
Camila,Moreno,3677
Javier,Ruiz,8236
Camila,González,8460
Pedro,Castillo,3329
Fernanda,Hernández,1864
Camila,Pérez,9945
Diego,Pérez,8450
Luis,González,3557
Diego,Hernández,8846
Sebastián,Ramos,8978
Juan,González,3141
Javier,González,7643
Diego,Rodríguez,8747
Sebastián,Álvarez,3167
Carlos,García,6924
Sebastián,Castro,6460
Isabela,Rodríguez,6469
Sebastián,González,1458
Ricardo,Vargas,1591
Isabela,López,6076
Valentina,Sánchez,8632
Isabela,Sánchez,8768
Javier,Vargas,3527
Luis,Vargas,9641
Fernanda,Castro,3789
María,Álvarez,6908
Sofía,Mendoza,5618
Sofía,Mendoza,8390
María,Pérez,1906
Carlos,Vargas,5883
Valentina,Castro,9583
Diego,Ramos,8060
Miguel,Martínez,1125
Ana,González,7374
Isabela,Castro,1044
Andrés,González,7206
Gabriela,Romero,8546
Isabela,Moreno,3019
Fernanda,Castro,3300
Pedro,Vargas,8137
Ricardo,González,4177
Camila,Jiménez,9073
Andrés,Martínez,5692
Daniela,García,6173
Sebastián,Ruiz,4532
Valentina,Moreno,9641
María,Romero,2076
Carlos,Jiménez,8995
Gabriela,Torres,2478
Gabriela,Mendoza,6600
Gabriela,Pérez,3208
María,Pérez,8183
Fernanda,Torres,1744
Camila,Pérez,5196
Pedro,Hernández,9379
Laura,Rodríguez,4397
Valentina,García,7192
María,González,1918
Luis,Álvarez,7867
Isabela,Mendoza,5059
Andrés,Romero,4677
Andrés,Pérez,8618
Miguel,Pérez,7697
Diego,Díaz,4939
María,Castillo,2884
Fernanda,Hernández,1917
Fernanda,Jiménez,6248
Diego,Ruiz,1016
Ana,González,3606
Sebastián,Mendoza,6131
María,Castillo,3049
Daniela,González,1594
Valentina,Díaz,5993
Sofía,Jiménez,7417
Javier,Martínez,3209
Sofía,Díaz,7755
Miguel,Sánchez,3668
Gabriela,Ruiz,9186
Sofía,Álvarez,6109
Sofía,García,8144
Luis,Pérez,6014
Ricardo,Moreno,9544
Carlos,Pérez,7285
Andrés,García,4104
María,Díaz,1111
Miguel,Díaz,6251
Valentina,Ruiz,3204
Laura,Mendoza,1299
Juan,Hernández,7056
María,Hernández,4518
Carlos,González,6536
Pedro,Pérez,3664
Valentina,Díaz,9116
Gabriela,Mendoza,7573
Gabriela,Castillo,7132
Luis,Jiménez,7288
Javier,Romero,6032
Ricardo,González,1662
Sofía,Díaz,9548
Juan,Rodríguez,6645
Javier,Torres,4683
Sofía,Castro,6988
Valentina,García,4596
Andrés,Díaz,4886
Gabriela,López,6844
Sofía,Martínez,6230
Sofía,González,7905
Isabela,Ramos,6815
Valentina,Díaz,6931
Camila,García,5276
Daniela,Mendoza,5949
Sebastián,González,9646
María,Ramos,2687
Daniela,García,8879
Javier,Castro,5759
Javier,Rodríguez,2861
Ricardo,Torres,8037
María,Hernández,9545
Valentina,Mendoza,6643
Luis,Castro,8409
Fernanda,Torres,1079
Isabela,Torres,9867
Andrés,Jiménez,9627
Javier,Vargas,2663
Fernanda,Mendoza,5211
Sebastián,Rodríguez,7306
Carlos,Sánchez,4072
Sebastián,López,9000
Camila,Álvarez,2269
Isabela,Mendoza,4258
Javier,Ramos,4657
Camila,Martínez,6830
Daniela,Álvarez,7757
Sofía,Pérez,5830
Valentina,Álvarez,8125
Sebastián,Martínez,6953
Gabriela,Hernández,1724
Javier,Jiménez,9318
Pedro,Díaz,9480
Sebastián,Ramos,4473
Gabriela,Hernández,3722
Isabela,Martínez,5748
Andrés,Castillo,5265
Camila,Hernández,1746
Gabriela,Pérez,5351
María,Martínez,8473
Andrés,Castillo,8648
Laura,Martínez,3999
Javier,Díaz,2905
Andrés,García,5500
María,Ramos,2596
Sofía,Castillo,9113
Daniela,Díaz,3662
Pedro,Pérez,5183
Ana,Martínez,3400
Valentina,González,2305
Sofía,Hernández,5198
Pedro,Álvarez,5274
Valentina,Ruiz,5508
Ana,Ruiz,6479
Fernanda,Ruiz,7308
Sofía,Castro,7379
Miguel,González,1062
Luis,Torres,4335
Laura,Hernández,3717
Andrés,Pérez,4489
Laura,Rodríguez,2179
Ana,Ramos,5963
Miguel,Torres,8834
Juan,Martínez,3006
Camila,Moreno,1415
Isabela,Ruiz,9948
Juan,Torres,4134
Ricardo,Rodríguez,9987
Miguel,González,1903
Sofía,Vargas,7682
Andrés,Díaz,9777
Laura,Ramos,7855
Valentina,Moreno,6917
Daniela,Ruiz,4069
Carlos,Mendoza,9914
Ana,Álvarez,5015
Ricardo,Ramos,1293
Fernanda,Pérez,9298
Pedro,Rodríguez,5198
Ana,Castro,8891
Camila,Torres,8294
Luis,Álvarez,3686
Isabela,García,7268
Camila,Torres,2262
Valentina,Martínez,4059
Ana,Sánchez,6850
Juan,Rodríguez,4162
Juan,Ramos,8466
Luis,Pérez,8181
Gabriela,Moreno,1717
Juan,Pérez,8453
Daniela,García,5128
Fernanda,Martínez,2566
Sebastián,Hernández,3625
María,Mendoza,9936
Miguel,Moreno,9871
Fernanda,Torres,5098
Pedro,Vargas,9096
Valentina,Hernández,7129
Ana,Mendoza,8318
Laura,García,4039
Carlos,Torres,2766
Andrés,Romero,4169
Miguel,González,7328
Sebastián,Martínez,8475
María,Torres,9483
Gabriela,Rodríguez,8025
Javier,Torres,5177
Diego,García,6985
Carlos,Sánchez,3987
Juan,Álvarez,3269
Luis,López,8476
Sofía,Jiménez,1619
Laura,Torres,3542
María,Hernández,9117
Diego,Ramos,9689
Miguel,Castillo,5484
Javier,Vargas,5673
Juan,Sánchez,3276
Andrés,Díaz,9655
Ana,Moreno,5328
Javier,García,2940
Fernanda,Romero,1228
Javier,Sánchez,9880
Gabriela,Jiménez,2163
Fernanda,Hernández,3362
Valentina,Vargas,8368
Juan,Pérez,2887
Andrés,Vargas,9524
María,Jiménez,3233
Gabriela,Rodríguez,4748
Sofía,Moreno,7918
Daniela,Torres,7391
Andrés,Romero,7784
Valentina,López,6149
Luis,Rodríguez,6033
Juan,Martínez,5070
Pedro,Ramos,5003
Andrés,Álvarez,8427
Ana,González,1657
Camila,Sánchez,1252
Valentina,Castro,9843
Ana,González,2051
María,Moreno,1242
Luis,Jiménez,8538
Isabela,Ruiz,3607
María,Pérez,9626
Sebastián,Ruiz,9741
Pedro,Torres,8882
Javier,Díaz,8919
Miguel,Pérez,4163
Fernanda,García,6684
Miguel,Rodríguez,2148
Javier,Álvarez,2956
Juan,Castillo,7079
Pedro,Romero,9865
Juan,Mendoza,4352
Sebastián,Castillo,7335
Fernanda,Jiménez,1985
Gabriela,González,5710
Ricardo,Hernández,9917
Diego,Rodríguez,3120
Valentina,Moreno,8492
Pedro,Torres,7245
Andrés,Ruiz,1363
Diego,Ramos,5364
Carlos,Díaz,5769
Isabela,Rodríguez,4109
Juan,Ruiz,9648
Ricardo,Rodríguez,8301
Pedro,Rodríguez,7238
Carlos,Torres,7298
Valentina,Pérez,1226
Miguel,González,5712
Miguel,Ruiz,3165
Ana,González,3686
Javier,Álvarez,6925
Luis,Álvarez,5302
Laura,Hernández,5962
Ricardo,Sánchez,2542
Isabela,López,1465
Fernanda,López,5130
Sebastián,Ramos,3150
Fernanda,Moreno,4888
Diego,Álvarez,2929
Carlos,Ramos,7911
Andrés,Vargas,2089
Juan,Díaz,9529
Luis,Mendoza,5411
Andrés,Martínez,2335
Andrés,Castillo,5621
Camila,Sánchez,9052
Luis,Díaz,8974
Luis,Jiménez,9492
Andrés,Martínez,8842
Daniela,Torres,6827
Javier,López,9526
Sofía,Castro,3977
Miguel,Rodríguez,2992
Diego,Sánchez,1292
Pedro,Martínez,4000
Fernanda,López,9143
Luis,Álvarez,6448
Diego,Pérez,1340
Valentina,Romero,9188
Gabriela,Hernández,3941
Sofía,Díaz,3825
Javier,Vargas,2212
Gabriela,Díaz,5490
Miguel,Álvarez,9294
Miguel,Castro,8447
Gabriela,Castro,7013
Miguel,Sánchez,8966
Sebastián,García,9632
Carlos,Torres,7324
Valentina,Castro,1782
Diego,Álvarez,7951
Ricardo,Sánchez,2997
Laura,Mendoza,6318
Fernanda,Vargas,6327
Sofía,Sánchez,1343
Javier,Ruiz,3131
Isabela,Moreno,2601
Fernanda,Castro,1923
Valentina,Castro,8911
Juan,Castro,4377
Carlos,Ramos,5575
Juan,Díaz,9466
Javier,Sánchez,7323
Valentina,Martínez,8549
Ricardo,Castillo,2442
Carlos,Castro,7064
Gabriela,Romero,4505
Carlos,Castillo,7319
Sofía,Díaz,8735
Javier,Sánchez,9764
Ana,Romero,7708
Miguel,Mendoza,7286
Pedro,Torres,7887
Valentina,Moreno,7141
Diego,Vargas,9007
Fernanda,Martínez,7791
Valentina,Álvarez,1380
Daniela,Rodríguez,7640
Camila,Castro,7167
Fernanda,Pérez,4088
Daniela,Ruiz,2368
Laura,Vargas,9902
Fernanda,Álvarez,5125
Valentina,Castro,7769
Valentina,García,2844
Fernanda,Romero,7070
Isabela,Sánchez,8821
Daniela,García,8177
Fernanda,Jiménez,6453
Carlos,Hernández,8001
Sebastián,González,3927
Andrés,Hernández,1326
Luis,Martínez,8525
Juan,Castillo,2515
Sofía,Pérez,8240
Carlos,González,5985
Sebastián,Vargas,9907
Juan,Rodríguez,7877
Sebastián,Rodríguez,7194
Pedro,Ruiz,8249
Daniela,Ramos,8673
Laura,García,7474
Luis,Sánchez,1903
Valentina,López,1489
Luis,Hernández,5006
Sofía,Ramos,3384
Gabriela,López,7979
Gabriela,Jiménez,8913
Ana,Ramos,4266
Juan,Jiménez,4282
Valentina,Ramos,5411
Ana,Vargas,5400
Gabriela,Martínez,2114
Pedro,García,1422
Pedro,Jiménez,2733
Fernanda,Vargas,7888
María,Ruiz,1524
Fernanda,González,6997
Daniela,Vargas,5320
Pedro,Hernández,5251
Gabriela,López,8085
Gabriela,López,7721
Laura,López,1987
Sofía,González,5189
Camila,Sánchez,6361
María,Ramos,2173
Miguel,Castro,6404
Sebastián,García,4441
Ana,Vargas,7237
Pedro,Torres,1134
Isabela,Castro,7268
Juan,Romero,6808
Javier,Castillo,3182
Miguel,Rodríguez,9827
María,Ramos,7289
María,Pérez,6300
Miguel,Torres,8081
Andrés,López,5326
Diego,Jiménez,7943
Carlos,Romero,3091
Diego,Martínez,1788
Pedro,Romero,1738
Carlos,Mendoza,9085
Ana,Álvarez,3862
María,Pérez,7304
Miguel,Castillo,6585
Sofía,Díaz,8278
Camila,Vargas,2476
Isabela,Castro,5801
Javier,Sánchez,9626
Ricardo,Álvarez,6626
Sebastián,Moreno,6415
Sofía,Castillo,4905
Valentina,Jiménez,3220
Juan,Moreno,7285
Fernanda,Pérez,6423
Fernanda,Rodríguez,5816
Ana,Martínez,5989
Luis,Rodríguez,6604
Luis,Álvarez,3716
Daniela,López,4685
Laura,Ramos,7738
Gabriela,Moreno,1287
Andrés,Sánchez,8813
Fernanda,González,2692
Daniela,Díaz,4353
Daniela,Castro,3108
Diego,Martínez,2710
Valentina,Romero,1716
María,García,3198
Laura,Jiménez,5510
Daniela,Álvarez,5755
Gabriela,López,7355
Diego,Pérez,3850
Valentina,Moreno,6468
Sofía,Ruiz,1737
Javier,Martínez,8889
Luis,González,8983
Luis,López,9549
Juan,Martínez,9478
Laura,Mendoza,1874
Juan,Pérez,5714
Valentina,Vargas,7632
Fernanda,Rodríguez,8011
Valentina,Romero,7925
Laura,Pérez,1014
Isabela,Pérez,7898
Luis,Díaz,5587
Carlos,García,4838
Ricardo,Torres,5526
Luis,Romero,1734
Luis,Pérez,8458
Laura,López,2806
Isabela,Jiménez,6354
María,Díaz,7906
Pedro,Martínez,3467
Sebastián,Castillo,2614
Laura,Rodríguez,9023
Andrés,Martínez,4826
Javier,Vargas,2752
Miguel,Romero,3062
Ricardo,Romero,1802
Gabriela,Hernández,8998
Juan,Mendoza,1615
Daniela,Díaz,1204
Sebastián,Torres,7105
Camila,Hernández,8894
Ana,Torres,6481
Javier,Moreno,6672
Diego,Rodríguez,3701
Diego,Martínez,8249
Ana,Álvarez,3620
Valentina,Pérez,2067
Juan,Moreno,8081
Andrés,Ramos,6385
Sofía,Moreno,7438
Pedro,Sánchez,7607
Juan,Rodríguez,7366
María,Torres,7655
Gabriela,González,5184
Sebastián,Martínez,1119
Camila,Álvarez,6452
Pedro,Hernández,4408
María,Mendoza,6315
Andrés,Jiménez,4717
Andrés,López,8103
Juan,Martínez,6852
Valentina,Castro,1791
Javier,Castro,6712
Daniela,Álvarez,7799
Ana,Castillo,5931
Miguel,Mendoza,3455
Daniela,Pérez,7086
Isabela,González,6894
Diego,Torres,2181
Andrés,González,8283
Laura,Hernández,9812
Sebastián,Hernández,6986
Ricardo,Mendoza,7067
Javier,Moreno,5072
Daniela,Moreno,7203
Ricardo,Ruiz,9320
Sofía,Hernández,6637
Gabriela,Martínez,4138
Ricardo,Romero,7202
Gabriela,Vargas,6771
Ricardo,Álvarez,8799
Carlos,Romero,1893
Sofía,Castillo,9862
Isabela,Ruiz,5730
Carlos,Castro,9061
Valentina,Ruiz,6059
Isabela,Vargas,2029
Gabriela,López,9334
Sebastián,Rodríguez,5238
Carlos,Romero,3285
Camila,Mendoza,9584
Diego,Ramos,3261
Camila,Sánchez,3813
María,Álvarez,3037
María,Torres,6124
Laura,Mendoza,2552
Diego,Rodríguez,6043
Diego,Vargas,1568
Carlos,Martínez,5538
Laura,Pérez,3138
Ana,Hernández,8779
Diego,Romero,4818
Daniela,Pérez,3477
Pedro,Vargas,3885
Luis,Castro,5986
Isabela,López,4541
Sofía,Hernández,5670
Pedro,Ramos,3538
Pedro,López,4262
María,Mendoza,9235
Sofía,Díaz,5925
Valentina,García,5664
Javier,Díaz,9734
Daniela,Mendoza,3968
Juan,Rodríguez,7138
Ricardo,Martínez,1962
Valentina,Torres,6187
Javier,Hernández,6782
María,Álvarez,8799
Sebastián,Álvarez,6811
María,Álvarez,9823
Carlos,Sánchez,6359
Sofía,Ruiz,7989
Camila,Castillo,5964
Camila,Rodríguez,6436
Miguel,Ramos,8903
Camila,García,2029
Laura,García,2477
María,Mendoza,9269
Fernanda,Castillo,5766
Gabriela,Díaz,1720
Fernanda,Álvarez,1382
Fernanda,Torres,5757
Ricardo,Romero,6304
Gabriela,Mendoza,1486
Sebastián,Hernández,3175
Luis,García,5042
Ricardo,Castro,3090
Miguel,Castro,8545
Ana,Martínez,8601
Valentina,Pérez,5697
Pedro,González,3116
Pedro,Mendoza,7940
Camila,Castro,1467
Diego,González,2534
Gabriela,Jiménez,1573
Fernanda,López,6467
Luis,Rodríguez,7100
Laura,Torres,2697
Diego,Díaz,2064
Javier,Pérez,5619
Valentina,Pérez,4040
Valentina,Sánchez,3570
Pedro,Rodríguez,9951
Sofía,Castillo,2693
Fernanda,Hernández,5562
Diego,Ramos,1012
Javier,Rodríguez,7195
Luis,Vargas,1557
Ricardo,Castillo,2877
Fernanda,García,6567
Pedro,Ruiz,4837
Javier,Vargas,8918
Diego,Torres,4461
Ricardo,Pérez,9755
Laura,Sánchez,5472
Fernanda,Castro,4818
Gabriela,Moreno,6147
Ana,Álvarez,2469
Camila,Sánchez,1935
Laura,González,2247
Luis,Sánchez,2777
Andrés,Moreno,6032
Gabriela,Castro,4944
Fernanda,Moreno,3966
Sofía,Díaz,8991
Juan,González,3875
Ana,Romero,7085
Isabela,Romero,7977
Pedro,Mendoza,6219
Sebastián,Pérez,9435
Miguel,González,6276
Sebastián,Torres,9260
Sebastián,Ruiz,7505
Juan,Castillo,1610
Camila,Castro,3484
Sebastián,Díaz,7190
Ricardo,Castillo,3448
Ana,García,6395
Gabriela,Ramos,6865
Pedro,Díaz,3381
Ana,Ramos,5900
Fernanda,Jiménez,1658
Diego,Jiménez,5720
Miguel,Álvarez,6046
Diego,Hernández,5157
Miguel,González,3701
Fernanda,García,5194
Andrés,Rodríguez,4688
Carlos,Sánchez,8981
Javier,Romero,6930
Camila,Sánchez,1482
Pedro,Martínez,5718
Ana,Rodríguez,1914
Isabela,Pérez,2219
Isabela,Hernández,6033
Gabriela,Rodríguez,9057
Valentina,Pérez,2243
Pedro,García,4980
Carlos,Jiménez,1905
Carlos,Ramos,3034
Sofía,Vargas,2054
Andrés,González,7481
Isabela,Hernández,1841
Carlos,Álvarez,3650
Ricardo,Hernández,7824
Javier,Castro,4840
Andrés,Ruiz,2702
Laura,Rodríguez,6931
Ana,Sánchez,8931
Sofía,Castro,7489
Valentina,Ruiz,7857
Miguel,Ruiz,4580
Andrés,Castro,6301
Sebastián,Pérez,2770
Valentina,Vargas,6436
Pedro,Vargas,6498
Sofía,Vargas,3244
Sofía,Vargas,8976
Sofía,López,9823
Daniela,Ruiz,5532
María,González,4993
Camila,García,3879
Diego,Castillo,8477
Ana,Moreno,2052
Fernanda,Torres,5196
Luis,Vargas,5408
Laura,García,7117
Ana,Pérez,4261
Valentina,Vargas,1174
Fernanda,Pérez,8242
Sofía,García,3852
Miguel,Ramos,3251
Camila,Rodríguez,4347
Ana,González,2382
Pedro,Vargas,1537
Fernanda,Jiménez,2876
Isabela,García,8128
Javier,Ramos,3313
Luis,Mendoza,9881
Isabela,Pérez,6434
Valentina,Moreno,3825
Pedro,Rodríguez,8828
Valentina,Vargas,1238
Isabela,Martínez,5529
Juan,Romero,4536
Camila,Sánchez,5664
Valentina,Vargas,5477
Laura,Martínez,5292
Isabela,Romero,7021
Carlos,García,2208
Luis,Torres,7881
Luis,Romero,6170
Gabriela,García,2103
Pedro,García,4555
Ricardo,Mendoza,9248
Fernanda,Álvarez,8800
Sebastián,Álvarez,1358
Camila,Castro,5661
Gabriela,Rodríguez,3461
Juan,Romero,6744
Daniela,Pérez,5985
Daniela,Castillo,3623
Fernanda,Díaz,3495
Diego,Díaz,3531
Pedro,García,9743
Isabela,Ramos,7318
Pedro,Castro,3869
Diego,Álvarez,3415
Valentina,Ramos,5082
Sofía,Castillo,5734
Juan,Pérez,5752
Diego,Díaz,1589
Ricardo,Hernández,3396
Sebastián,García,5081
Ricardo,Sánchez,6140
Luis,Mendoza,4298
Ricardo,Sánchez,6625
Sebastián,Martínez,9133
Gabriela,López,9792
Laura,Ramos,1194
Gabriela,Pérez,8483
Pedro,Moreno,2169
Carlos,Sánchez,6011
Pedro,López,5418
Isabela,Jiménez,7436
Laura,Castro,6535
Pedro,Hernández,1176
Gabriela,Rodríguez,3649
Sebastián,Rodríguez,2607
Sofía,Mendoza,4934
Camila,Torres,4396
Isabela,Pérez,4214
Camila,Castro,7179
Sofía,Ramos,3214
Sebastián,Sánchez,4923
Diego,Sánchez,9434
Laura,Álvarez,4066
María,Sánchez,4195
Fernanda,Ruiz,5366
Luis,Martínez,1359
Javier,Romero,1261
Diego,Ramos,2224
Javier,Romero,3360
Carlos,Moreno,8143
Carlos,Jiménez,7804
Miguel,Jiménez,4989
Gabriela,González,1268
Ana,Romero,6071
Sofía,Castro,8397
Andrés,Romero,7873
Isabela,Mendoza,5824
Diego,Díaz,3551
Sebastián,Ramos,5037
Camila,Sánchez,8610
Valentina,Díaz,2562
Fernanda,Ruiz,8653
Carlos,Sánchez,9347
Ricardo,Castillo,2514
Andrés,Romero,4026
Luis,Moreno,5237
Miguel,Pérez,4100
Pedro,Moreno,9295
Ana,Moreno,7928
Diego,Martínez,5405
Andrés,López,3005
Isabela,Hernández,7981
Sebastián,Jiménez,9165
Daniela,Mendoza,3438
Camila,Sánchez,6252
Isabela,Castillo,8581
Juan,Hernández,1114
Fernanda,Sánchez,5131
Javier,Castro,1302
María,Martínez,2149
Camila,Rodríguez,9258
Ana,Díaz,1215
Ana,Hernández,3782
Camila,Ruiz,4267
Gabriela,González,1148
Miguel,Hernández,7868
Sebastián,Pérez,1852
Laura,Pérez,1356
Daniela,Romero,4241
Miguel,López,6039
Luis,Sánchez,2571
Javier,Martínez,2575
Laura,Mendoza,9453
Ana,Castro,5978
Pedro,López,2421
Sebastián,Díaz,1929
Luis,González,9178
Gabriela,Hernández,7693
Gabriela,Castro,7017
Isabela,Díaz,8894
Gabriela,Álvarez,3461
Gabriela,Mendoza,5043
Gabriela,López,2180
Javier,Torres,1998
Sofía,Moreno,2600
Juan,Vargas,1492
Diego,Díaz,6683
Isabela,Díaz,3343
Fernanda,Ramos,9131
Diego,Castro,9000
Diego,Hernández,1014
Pedro,Castro,7149
Camila,Álvarez,9760
Carlos,González,4308
Sofía,Pérez,6024
Isabela,Ruiz,4032
Andrés,Ramos,7629
Diego,Díaz,3150
Fernanda,Martínez,1027
Juan,Ramos,7061
Gabriela,Moreno,8448
Diego,Pérez,8686
Pedro,Hernández,5018
Laura,López,6518
Ana,González,7280
Daniela,Rodríguez,7475
Juan,Pérez,6060
Camila,Castillo,1804
María,Hernández,4264
Juan,Ruiz,1788
Juan,García,4144
Diego,Torres,4341
María,Martínez,9588
Javier,Mendoza,3126
Andrés,Díaz,2758
Isabela,Sánchez,7993
Valentina,Jiménez,4597
Pedro,López,4306
Sebastián,Mendoza,3810
Andrés,Álvarez,8164
María,Díaz,9827
Camila,Ramos,4118
Daniela,Jiménez,4452
María,Ruiz,5873
Fernanda,Vargas,6486
Isabela,González,9826
Isabela,Martínez,8550
Ricardo,Ruiz,2112
Fernanda,Romero,3332
Ana,Romero,1094
Daniela,López,1796
Isabela,Pérez,5660
Carlos,Vargas,4305
Juan,Ruiz,6546
Daniela,Álvarez,2983
Camila,Martínez,1136
Isabela,Rodríguez,9055
María,Pérez,4791
Isabela,García,7324
Sebastián,Díaz,1344
Isabela,Mendoza,4718
Isabela,Castillo,5208
Diego,Hernández,1309
Juan,Jiménez,4359
Laura,Hernández,5974
Valentina,Torres,1113
Sofía,Torres,4824
Sebastián,Romero,9258
Ana,Castro,7376
Valentina,Hernández,4389
Ana,Álvarez,8533
Ricardo,Hernández,6899
Andrés,Torres,5611
Luis,Ramos,4758
Fernanda,Rodríguez,5434
Ricardo,Pérez,2836
Pedro,Mendoza,5015
Ana,Rodríguez,8958
Fernanda,López,4314
Carlos,Romero,7011
Javier,Castillo,5415
Laura,Sánchez,6579
María,Ramos,9690
Laura,Vargas,3119
Juan,Jiménez,9488
Carlos,López,4143
Isabela,Pérez,4318
Diego,Castro,2174
Carlos,Ramos,8583
Ana,Díaz,3236
Isabela,Romero,4246
Andrés,Sánchez,9614
Pedro,García,3587
Juan,Hernández,7648
Miguel,Álvarez,1502
Javier,Ruiz,6910
Sebastián,Mendoza,3586
Fernanda,Ramos,6054
Miguel,Torres,4684
Laura,Rodríguez,7782
María,Castro,9701
Ricardo,Rodríguez,2193
Gabriela,Castillo,7846
Camila,Sánchez,8625
Laura,Martínez,6568
Javier,Ramos,6568
Ricardo,Pérez,8797
Camila,Pérez,8309
Diego,Castro,5287
María,García,5251
Gabriela,Romero,6876
Sofía,Díaz,9274
Sebastián,Vargas,5334
Camila,Torres,6501
Javier,Ruiz,5314
Andrés,Ramos,4679
Isabela,Hernández,2795
Valentina,Jiménez,4350
Daniela,Castro,5030
Diego,Mendoza,5719
Diego,Martínez,6770
Ana,Ramos,4305
Juan,Moreno,9353
Isabela,Pérez,2578
Laura,Pérez,5582
Isabela,García,4458
Pedro,Ramos,8139
Camila,Vargas,3871
Sofía,Díaz,5991
Gabriela,Díaz,3066
Andrés,Jiménez,4920
Valentina,Jiménez,9676
Ana,Castillo,3521
Juan,Torres,7973
Laura,Torres,9550
María,Pérez,9788
Daniela,Romero,9570
Laura,Castro,6556
Valentina,Sánchez,4612
Javier,Castro,3347
Miguel,Hernández,8680
Daniela,Moreno,5403
Andrés,Ramos,5715
Ricardo,Álvarez,3271
Isabela,Hernández,7842
Luis,García,8977
Gabriela,Ramos,7587
Gabriela,Vargas,2221
Sebastián,Díaz,1660
Isabela,Romero,3312
Sofía,Castillo,7464
Luis,Romero,8627
Sebastián,García,9565
Camila,Ruiz,1551
María,Rodríguez,5157
Sofía,González,4309
Sebastián,Hernández,3006
Laura,Romero,9817
Andrés,García,5066
Daniela,González,2488
Sebastián,Pérez,5723
Carlos,Pérez,3676
Miguel,González,4947
Daniela,García,2268
Andrés,Martínez,2644
Andrés,Castillo,8148
Valentina,Vargas,2152
Daniela,Sánchez,1344
Miguel,Castro,2850
Valentina,Castillo,5642
Sebastián,Romero,8361
Sebastián,Castro,5382
Ana,Pérez,5711
Isabela,Moreno,6364
Javier,Moreno,3736
Sofía,Martínez,3849
Isabela,Moreno,9825
Ana,Rodríguez,3919
Daniela,Rodríguez,1213
Sebastián,Castro,6450
Andrés,Álvarez,4863
Carlos,Castro,7966
Laura,Álvarez,2918
Javier,Castro,5202
Luis,González,1108
Sofía,Moreno,5107
Ricardo,Hernández,7437
Ricardo,Díaz,3507
Pedro,Moreno,7294
María,Mendoza,5622
Camila,Díaz,1106
Ana,Álvarez,6817
María,Torres,5563
Ana,Vargas,7130
Juan,Moreno,5661
Daniela,Ramos,3570
María,Sánchez,5289
Javier,López,6436
Ricardo,García,6952
Daniela,García,6211
Javier,Ramos,4121
Andrés,Mendoza,2910
Valentina,García,2097
Gabriela,González,2677
Ricardo,Mendoza,8697
Andrés,Díaz,2076
Diego,Martínez,6512
Pedro,Álvarez,6456
Diego,González,2969
Gabriela,Moreno,2360
Andrés,Torres,7477
Luis,Martínez,8178
Luis,Ruiz,9392
Javier,Álvarez,7205
Andrés,Ruiz,8654
Javier,Vargas,6012
Gabriela,Moreno,2926
Pedro,Jiménez,9408
Gabriela,Pérez,5849
Valentina,Álvarez,4129
Gabriela,Hernández,9804
Andrés,Rodríguez,9657
Miguel,Álvarez,8332
Carlos,Moreno,5648
Gabriela,López,1359
Ricardo,Romero,3908
Gabriela,Castro,1703
Luis,Díaz,6914
Sofía,Moreno,8779
Valentina,Díaz,5844
Sebastián,González,1967
Ricardo,Castillo,2541
Pedro,Ramos,1384
Laura,Pérez,4502
Valentina,Pérez,6424
Luis,Álvarez,4552
Pedro,Castillo,7153
María,García,9115
Ricardo,Martínez,2897
Andrés,García,5646
Andrés,Hernández,2651
Ana,Mendoza,6138
Miguel,Jiménez,3514
Diego,López,4498
Fernanda,Pérez,2714
Carlos,Castro,8173
Isabela,Ruiz,8147
Sebastián,Martínez,7917
Daniela,Ruiz,4923
Gabriela,Jiménez,3405
Sofía,Díaz,4670
Andrés,Ramos,2549
Luis,Vargas,6626
Andrés,González,1361
Camila,González,3429
Diego,González,4772
Luis,Torres,4532
Camila,Vargas,8023
Sebastián,Moreno,5934
Luis,Castillo,2435
Fernanda,Díaz,9429
Pedro,Sánchez,1334
Diego,Romero,3785
Daniela,Castillo,2108
Gabriela,Castillo,1548
Gabriela,Martínez,6768
Miguel,Vargas,2212
Fernanda,Torres,5675
Andrés,López,5966
Isabela,Vargas,6664
Javier,González,7702
Ana,Rodríguez,8014
Daniela,Pérez,3991
Gabriela,González,7757
María,Castillo,3074
Ricardo,Hernández,8628
Isabela,Vargas,8205
Ricardo,Torres,5113
Juan,Martínez,3352
Sofía,Ruiz,5219
Sofía,González,9680
Laura,García,5858
Daniela,Castillo,1349
Sebastián,Castro,1517
Carlos,Rodríguez,4985
Daniela,Ruiz,1425
Fernanda,Torres,3100
Sofía,González,8137
Isabela,Moreno,4197
Daniela,Ruiz,6878
Javier,Ramos,1738
Ana,González,6815
Daniela,Pérez,5648
Valentina,Castillo,5010
Diego,Castro,6712
Luis,González,5584
Valentina,Romero,9759
María,Martínez,9312
Pedro,Vargas,6417
Andrés,Castillo,1437
Sebastián,Ramos,1860
Laura,Ruiz,1959
Carlos,Sánchez,1433
Diego,Hernández,1157
Diego,Sánchez,8959
Andrés,Jiménez,8772
Daniela,López,1092
Gabriela,Pérez,7460
Diego,Díaz,8386
Sebastián,García,4407
Ana,González,9557
Ana,Castro,9002
Sebastián,Moreno,1350
Fernanda,Torres,3423
Gabriela,Hernández,1011
María,Ramos,6692
Gabriela,García,9597
Miguel,Ruiz,9652
Carlos,Sánchez,3922
Pedro,Ramos,3659
Diego,Castro,1267
Ricardo,Sánchez,7388
Miguel,Vargas,9635
Isabela,Sánchez,2025
Juan,Romero,7803
Juan,García,3813
Juan,Ruiz,1801
Carlos,Jiménez,5124
Juan,Jiménez,4161
Javier,Sánchez,3355
Pedro,Mendoza,5306
Ricardo,Torres,6880
Fernanda,Moreno,9208
Carlos,Romero,7786
Andrés,Vargas,8639
Ricardo,Castro,6867
María,Díaz,8402
Diego,Torres,3467
María,Ruiz,6796
María,Rodríguez,6925
Fernanda,Sánchez,8973
Javier,Rodríguez,7046
Gabriela,Rodríguez,7446
Camila,Rodríguez,2673
Miguel,Álvarez,2133
María,López,1311
Camila,Álvarez,4196
María,Jiménez,6877
Ricardo,Ruiz,4996
Miguel,González,7035
Sofía,Jiménez,5174
Juan,Hernández,8622
Andrés,Torres,6766
Ricardo,Mendoza,3705
Diego,Hernández,9947
Isabela,González,6219
Miguel,Rodríguez,7029
Andrés,Rodríguez,1118
Laura,Ramos,1265
Carlos,Castro,1342
Camila,Martínez,8192
Valentina,Álvarez,6847
Javier,Pérez,3311
Andrés,Álvarez,2394
Valentina,Martínez,7773
Gabriela,Martínez,7803
Ricardo,Romero,6555
Isabela,Jiménez,1751
Andrés,Hernández,8251
Sebastián,Moreno,1185
Laura,Álvarez,8281
Andrés,Vargas,4984
Daniela,Moreno,1878
Sebastián,Hernández,8860
María,Castro,1969
Camila,Vargas,2922
Isabela,Moreno,5393
Daniela,Vargas,8171
Daniela,Mendoza,2609
Pedro,Jiménez,5348
Sebastián,Díaz,3923
Gabriela,Pérez,4198
Ricardo,Castillo,5714
Isabela,Vargas,8356
Isabela,García,5454
Isabela,Castillo,9076
Sebastián,Torres,5408
Miguel,Hernández,6256
Gabriela,Jiménez,6313
Gabriela,Díaz,5000
Camila,Rodríguez,3342
Daniela,García,7172
Ana,Castro,3476
Miguel,Álvarez,3434
Diego,Jiménez,9435
Laura,Rodríguez,1007
Gabriela,Castro,2888
Laura,Moreno,7908
Gabriela,Díaz,2821
Miguel,Castro,3797
Laura,Moreno,2238
Javier,López,9978
Javier,Díaz,9998
Diego,Díaz,3830
Ana,López,4530
Miguel,Torres,2458
Juan,Jiménez,8348
Carlos,Díaz,2820
Daniela,Hernández,3860
Sebastián,Castro,6351
Valentina,Jiménez,7020
Daniela,López,2628
Juan,Moreno,6654
Daniela,Álvarez,9120
Juan,Torres,8306
Pedro,Sánchez,6122
Pedro,Hernández,9793
Gabriela,Jiménez,6308
Andrés,Rodríguez,4905
Fernanda,Rodríguez,4815
Fernanda,Vargas,5884
Fernanda,Jiménez,9108
Sebastián,Ruiz,5035
Daniela,Romero,4684
Fernanda,Castro,4621
Sofía,Hernández,1121
Andrés,Ramos,7756
Carlos,Sánchez,9673
María,Álvarez,9689
Miguel,Torres,5480
Sebastián,Díaz,3666
María,López,7529
Diego,García,2249
Miguel,Ramos,4686
Miguel,Torres,2150
Juan,Hernández,7937
Luis,Rodríguez,1914
Luis,Moreno,9573
Javier,Ramos,8337
Ana,Mendoza,6127
Ricardo,Sánchez,4504
Javier,Mendoza,9106
Valentina,García,9035
Carlos,García,3762
Fernanda,Ramos,9002
Fernanda,Martínez,6374
Fernanda,Hernández,7482
Carlos,Hernández,2297
Diego,Díaz,5856
Diego,Castillo,9456
Andrés,Torres,7856
Isabela,García,2028
Daniela,Pérez,2006
Juan,Mendoza,3427
Gabriela,Álvarez,1531
Pedro,López,8512
Pedro,Romero,9805
Luis,Vargas,1718
Ana,Ramos,7723
Luis,Martínez,9515
Javier,Martínez,5745
Andrés,López,4705
Luis,Sánchez,8834
Diego,Castro,2371
Sofía,Vargas,2733
Pedro,Ramos,6636
Javier,García,6520
Fernanda,Hernández,1943
Sofía,Vargas,2044
Camila,Sánchez,5990
Ricardo,Pérez,7574
Juan,Ruiz,6668
Gabriela,Mendoza,7449
Sofía,González,3431
Sofía,Sánchez,8140
Sofía,Torres,2035
María,Romero,3786
Javier,Álvarez,2489
Ana,González,4593
Ana,Moreno,4167
Sebastián,Torres,9265
Camila,Ruiz,5782
Sebastián,González,7103
Valentina,Álvarez,4081
Luis,Sánchez,1304
Isabela,García,6769
Valentina,Castillo,1778
Miguel,Álvarez,3665
Valentina,Álvarez,1881
Laura,López,6178
María,García,6861
Ricardo,Hernández,5817
Diego,Vargas,4569
Carlos,Sánchez,6298
Laura,López,8731
Javier,Vargas,5669
Juan,Ramos,4110
Camila,Álvarez,4110
Juan,García,9004
Diego,Pérez,6999
Diego,González,9056
Fernanda,Ramos,9245
Miguel,Mendoza,6401
Ricardo,Vargas,2865
Sebastián,Sánchez,8954
Laura,García,3482
Isabela,Hernández,7538
Carlos,Rodríguez,3212
Gabriela,Vargas,5942
Isabela,González,4587
Pedro,Pérez,2893
Valentina,López,1462
Fernanda,García,1411
Fernanda,Sánchez,3190
Camila,Ruiz,9159
Sofía,Ramos,4760
Ana,López,1755
Sofía,Torres,2889
Isabela,Moreno,8561
Ana,González,4811
Sebastián,Jiménez,5177
María,Hernández,7752
Luis,Hernández,2204
Diego,Ruiz,4500
Javier,Moreno,4171
Luis,Castro,4081
Sebastián,Romero,4874
Diego,Martínez,6354
Daniela,Castro,4834
Laura,Jiménez,6802
Isabela,Moreno,3554
Camila,Romero,2531
Carlos,Romero,7676
Sebastián,Moreno,8096
Sofía,López,3999
Andrés,Sánchez,4436
Carlos,Díaz,4858
Camila,Mendoza,4376
Pedro,Rodríguez,3284
Isabela,González,4932
Camila,Pérez,3572
Laura,Ruiz,7973
Sofía,Moreno,3460
Andrés,Castillo,3542
Juan,Jiménez,8556
Luis,Álvarez,4597
Camila,Moreno,5453
Andrés,Ruiz,4588
Gabriela,Díaz,2868
Camila,Mendoza,3671
María,Jiménez,5268
Ricardo,Sánchez,1704
Isabela,Torres,5652
Valentina,Mendoza,3480
Camila,Rodríguez,5929
Daniela,Jiménez,3143
Fernanda,López,5276
Miguel,Castro,6536
Sofía,Hernández,7957
Diego,Díaz,5102
Juan,López,4382
Sofía,López,3083
Sebastián,Vargas,8578
Fernanda,López,6089
María,Sánchez,7794
Ana,Rodríguez,9696
Ana,Díaz,2978
Luis,García,5207
Ricardo,Sánchez,8580
Laura,Hernández,3395
Miguel,Hernández,4648
Camila,Moreno,6195
Sebastián,Jiménez,1647
Sebastián,Sánchez,5417
Ricardo,Díaz,4891
Javier,Ruiz,7397
Luis,Martínez,9466
Daniela,López,1041
Ricardo,Díaz,1791
María,Mendoza,4498
Pedro,Castro,7960
Juan,Álvarez,2632
Juan,Vargas,2279
María,Romero,4688
Fernanda,Sánchez,2767
Ana,Moreno,9764
Camila,Hernández,4728
Andrés,Hernández,2764
Pedro,Ramos,8009
Juan,González,6228
Carlos,Castillo,2807
Isabela,Rodríguez,1087
Sebastián,Castillo,8631
Laura,Díaz,3628
Sebastián,Sánchez,7415
Camila,Sánchez,4899
Valentina,Álvarez,1034
Miguel,Ramos,3762
Diego,Mendoza,1365
Ana,López,6464
Sebastián,Castro,9039
Juan,Moreno,1871
Juan,Rodríguez,6138
Camila,Jiménez,3519
Luis,Álvarez,6244
Sofía,Ruiz,4644
Miguel,Álvarez,7685
Diego,Rodríguez,6598
Ana,Rodríguez,9896
Javier,Castillo,6312
Sebastián,Sánchez,3426
Daniela,Pérez,4945
Isabela,Hernández,4156
Juan,Sánchez,3888
Ricardo,Mendoza,9698
María,Hernández,6265
Diego,Rodríguez,1598
Javier,Torres,4964
Javier,Rodríguez,1524
Sebastián,Ruiz,2311
Juan,Rodríguez,6769
Fernanda,Sánchez,9636
Laura,Ruiz,3120
Diego,Torres,1492
Pedro,Álvarez,6344
Camila,Pérez,2381
Isabela,Moreno,3110
Ana,García,2953
Javier,Ruiz,4567
Diego,Castillo,3745
Juan,Moreno,4219
Andrés,Rodríguez,5888
Laura,Pérez,5197
Sebastián,Jiménez,4500
Sofía,Mendoza,7265
Gabriela,Jiménez,9789
Fernanda,García,1655
Valentina,Torres,7704
Valentina,García,3270
Fernanda,García,9394
Diego,Rodríguez,5156
Sebastián,Ruiz,9651
Gabriela,Álvarez,1737
Carlos,Sánchez,5774
Sofía,Álvarez,2512
Miguel,Rodríguez,6509
Isabela,Rodríguez,9675
Camila,Díaz,5847
Pedro,López,6983
Sebastián,Jiménez,9863
Gabriela,García,3330
Pedro,Martínez,9426
Laura,Martínez,4492
Luis,Sánchez,6403
Luis,López,3606
Javier,Jiménez,9303
Gabriela,Sánchez,9437
Sebastián,Vargas,2529
Javier,Ramos,5445
Carlos,López,7307
Sofía,Pérez,8856
Ana,García,1268
Miguel,López,2246
Ana,Rodríguez,5269
Pedro,Vargas,4550
Javier,Rodríguez,1627
Camila,Díaz,8791
Isabela,Pérez,2979
Juan,Martínez,1744
Pedro,Ramos,3476
Javier,Díaz,6975
Sofía,González,5124
Sofía,Vargas,6459
Fernanda,Martínez,5857
Gabriela,Mendoza,2734
Ricardo,González,8587
Sofía,Moreno,1026
Diego,Pérez,4871
Daniela,González,1325
Diego,Castillo,3739
Diego,Sánchez,2110
Luis,Jiménez,2142
Camila,Rodríguez,5454
Luis,Jiménez,6474
María,Rodríguez,2371
Laura,Vargas,7375
Carlos,Martínez,2508
Camila,Castro,6059
Luis,López,3245
Ana,Mendoza,2694
Ana,López,9978
Sofía,Jiménez,6705
Valentina,Ramos,7008
Pedro,Torres,7031
Andrés,Jiménez,7824
Gabriela,Romero,8859
Diego,García,7994
Ana,Jiménez,8776
Fernanda,Jiménez,6853
Diego,Hernández,6577
Gabriela,Jiménez,4208
Daniela,Moreno,4912
Ana,Pérez,5864
Gabriela,Álvarez,4004
Camila,Sánchez,8689
Daniela,Ruiz,8962
María,Álvarez,2412
Camila,Castillo,7799
María,López,8909
Diego,Moreno,9500
Camila,Martínez,3710
María,Ruiz,6938
Gabriela,Álvarez,5957
Laura,Jiménez,9904
Laura,Vargas,6499
Andrés,Vargas,7619
Diego,Vargas,9314
Gabriela,Ramos,4139
Fernanda,Ruiz,7888
Javier,Hernández,6869
Daniela,Hernández,2537
Carlos,Ramos,9221
Ana,Castillo,6318
Pedro,Castillo,7896
Juan,Castillo,4278
Andrés,Romero,7932
Valentina,Moreno,9883
Andrés,Castro,3699
Luis,Vargas,2021
Laura,García,6856
Pedro,Rodríguez,6311
Diego,Pérez,4285
Pedro,Romero,6675
Javier,Martínez,4922
Valentina,Torres,1248
Juan,Hernández,6049
Pedro,Jiménez,4475
Valentina,López,4030
María,Rodríguez,6715
Laura,Moreno,3193
Ricardo,Castro,1586
Daniela,Romero,3154
Laura,Martínez,2256
Fernanda,Díaz,2127
Isabela,Vargas,2474
Luis,Díaz,1861
Javier,Moreno,2005
Carlos,Álvarez,2152
Sofía,López,4244
Luis,Álvarez,1443
Laura,Díaz,4183
Ana,Álvarez,7974
Luis,Pérez,8164
Valentina,Rodríguez,2010
Gabriela,Castro,5770
Pedro,Vargas,5955
Sebastián,Hernández,1619
Laura,Ruiz,5053
Valentina,Moreno,2962
Isabela,Hernández,8475
Carlos,Ramos,1591
Ricardo,Sánchez,5208
Sebastián,Hernández,5665
Laura,Vargas,9394
Javier,Jiménez,4527
Isabela,Pérez,4664
Ana,Álvarez,3294
Isabela,Sánchez,6627
Miguel,Díaz,8015
Pedro,Pérez,5146
Daniela,Pérez,9946
Valentina,Moreno,7839
Carlos,García,1054
Laura,Ramos,1621
Valentina,Martínez,8586
Miguel,Torres,7107
Juan,Hernández,5568
Andrés,Pérez,1548
Camila,Hernández,5469
Ricardo,Romero,6102
Carlos,Torres,4320
Gabriela,Díaz,2094
Luis,Pérez,3523
Sebastián,González,6110
Fernanda,Sánchez,5535
Fernanda,Sánchez,9201
Isabela,Hernández,5459
Ana,Pérez,1954
Miguel,Ramos,3181
Laura,Torres,1735
Luis,Vargas,3403
Sebastián,Castillo,8243
Javier,López,8430
Diego,González,4935
Juan,Romero,7394
Luis,Hernández,1252
Sebastián,López,6778
Carlos,Torres,7573
Andrés,Jiménez,3084
Carlos,Pérez,5005
Daniela,Álvarez,2942
Sebastián,González,8914
Sebastián,Jiménez,7611
Sofía,Hernández,8270
Miguel,Castillo,7261
Miguel,Jiménez,7601
Camila,Castillo,6197
Juan,Ramos,5774
Laura,Castro,1130
María,Moreno,2218
Luis,Torres,5698
Camila,Rodríguez,2426
Laura,López,6521
Javier,Álvarez,8482
Daniela,Sánchez,8653
Valentina,Díaz,2744
Gabriela,Jiménez,5826
Gabriela,López,3354
Andrés,Romero,7090
Juan,Mendoza,3103
Isabela,Martínez,5682
Isabela,Mendoza,2750
Carlos,Castro,4105
Sofía,López,3049
Ricardo,Torres,3775
Luis,Hernández,2285
Javier,Pérez,8967
Juan,Ruiz,5078
Daniela,Jiménez,4254
Pedro,Romero,7154
Valentina,Castillo,6386
Miguel,Hernández,4350
Ricardo,Torres,4306
Juan,Ramos,8467
Sebastián,García,9922
Luis,Jiménez,3832
Juan,Vargas,8002
Gabriela,Mendoza,5652
Javier,Mendoza,6908
Sofía,Hernández,7029
Sebastián,Ruiz,2559
Juan,Pérez,3352
Daniela,Mendoza,2365
Luis,García,3882
Ricardo,Castro,9099
Diego,Ruiz,9115
Miguel,Castro,1054
Sebastián,Romero,9408
Sebastián,García,8820
Andrés,Díaz,8036
Andrés,Jiménez,7367
Pedro,Castillo,4420
Carlos,Moreno,4166
Daniela,García,3298
Isabela,Martínez,4693
Sofía,Martínez,2594
Javier,Castillo,3706
Juan,Mendoza,5300
María,Mendoza,7718
Diego,Romero,1265
Camila,Romero,5637
Javier,Moreno,3593
Pedro,Romero,1740
Valentina,Rodríguez,6080
Sebastián,Castro,1336
Sofía,Rodríguez,2067
Carlos,Castro,9248
Miguel,González,6008
Daniela,Vargas,6801
Daniela,Mendoza,4551
Luis,Jiménez,5115
Laura,Torres,1429
Carlos,Álvarez,8046
Fernanda,Pérez,8285
Diego,Vargas,8938
Juan,Pérez,1203
Andrés,Hernández,8038
Laura,Mendoza,4940
Laura,Díaz,4949
Sebastián,Martínez,5194
Andrés,Mendoza,5370
Valentina,Mendoza,5280
Javier,Torres,5361
Laura,Vargas,4342
Carlos,Moreno,8216
Daniela,López,6529
Valentina,Torres,5789
Sofía,Pérez,9677
Pedro,Castillo,3207
Pedro,Álvarez,9189
Miguel,Vargas,2209
Gabriela,Romero,7773
Javier,Torres,9129
Laura,González,6991
Laura,López,5901
Ana,Ruiz,6061
Fernanda,Martínez,8919
Sofía,Ramos,3623
Daniela,García,5323
Laura,Rodríguez,8479
Andrés,Vargas,2890
María,Castillo,1454
Daniela,Álvarez,1212
Miguel,Moreno,4124
María,Jiménez,6699
Ana,López,4778
Javier,Pérez,7779
Pedro,González,8753
Diego,Martínez,9226
María,Mendoza,6931
Isabela,Castillo,6416
Laura,Álvarez,5081
Laura,Martínez,2872
Juan,Martínez,7138
Isabela,Martínez,8672
Javier,Martínez,5870
Juan,Romero,7523
Gabriela,González,5575
Gabriela,Castillo,6969
Miguel,López,1762
Sebastián,Rodríguez,2432
Sebastián,Pérez,2096
Juan,Ramos,4070
Ana,Sánchez,4745
Juan,García,6977
Sebastián,Álvarez,8936
Andrés,Mendoza,8912
Gabriela,Martínez,6595
Andrés,Mendoza,2933
Valentina,Torres,4088
Gabriela,González,4178
Sebastián,Rodríguez,8704
Luis,García,8781
Sofía,Pérez,3466
Diego,Moreno,6480
Ana,Castillo,4227
Pedro,Castillo,2655
Miguel,Hernández,1224
Sofía,Castillo,6283
Sofía,Álvarez,1344
Daniela,Romero,3123
Valentina,Castillo,2874
Juan,Pérez,1922
Fernanda,Castro,4397
Isabela,Castillo,6794
Isabela,Ruiz,4844
Andrés,Ruiz,2850
Camila,Pérez,8846
Daniela,González,9817
Laura,Martínez,9970
Daniela,Álvarez,9229
Laura,Martínez,3135
Ricardo,Moreno,2842
María,Sánchez,6923
María,Pérez,8046
Fernanda,Vargas,3138
Camila,Pérez,3657
Fernanda,González,7131
Valentina,Torres,2397
Valentina,Torres,3601
Fernanda,Castro,6467
Ana,Castillo,2828
Carlos,Romero,4997
Carlos,Ramos,8248
Isabela,Sánchez,2480
Javier,García,8487
Carlos,González,8103
Pedro,Moreno,7054
Gabriela,García,4412
Luis,Pérez,5271
Luis,López,3670
Isabela,Martínez,8638
Javier,Mendoza,9345
Isabela,Ramos,6547
Luis,Díaz,7809
Ricardo,Torres,8020
Sofía,Martínez,4558
Javier,Sánchez,2118
Valentina,Rodríguez,2591
Sebastián,López,3611
Valentina,Castillo,9799
Andrés,Ruiz,2739
Camila,Álvarez,2769
María,Moreno,7488
Gabriela,Sánchez,1045
Pedro,Torres,7013
Daniela,Martínez,6230
Isabela,Castillo,4630
Luis,Torres,2552
Ana,Mendoza,5971
Daniela,Jiménez,3898
Juan,Jiménez,7158
Ana,Jiménez,8307
Valentina,Martínez,5614
Diego,Romero,7931
Juan,Rodríguez,2502
Javier,Díaz,4669
Pedro,Castro,6301
Pedro,Jiménez,3040
Daniela,Jiménez,1966
Javier,Pérez,6399
Ana,Mendoza,1737
Camila,Castro,5408
Valentina,Ruiz,8777
Carlos,Castro,9399
Andrés,Hernández,2255
Valentina,Ramos,5191
Valentina,Martínez,2195
Daniela,Díaz,2364
Laura,Romero,3122
Ana,González,2259
Isabela,Pérez,1513
Carlos,Ramos,4473
Juan,García,5692
Gabriela,Jiménez,7350
Sebastián,Romero,1002
Gabriela,López,2776
Luis,García,9188
Diego,López,5021
Diego,Sánchez,5165
Sebastián,Díaz,6380
Sofía,Romero,1336
Ana,Hernández,1084
Isabela,González,7057
Laura,Pérez,9939
Ana,Pérez,7400
Pedro,Romero,6221
Andrés,Ruiz,2538
Sofía,Vargas,3780
Sofía,Rodríguez,8741
Valentina,Hernández,7006
Ricardo,Torres,7239
Diego,Moreno,2687
Gabriela,Castro,2647
Fernanda,Martínez,2613
Ana,García,4856
María,Romero,7472
Carlos,Rodríguez,6229
Miguel,Díaz,9000
Pedro,Castro,3547
María,Hernández,8934
Daniela,López,8170
Camila,Díaz,5998
Valentina,García,2780
Juan,Rodríguez,4657
Sebastián,Martínez,4405
Sofía,Torres,4274
Juan,García,3244
Pedro,García,6541
Laura,Ruiz,1366
Daniela,Rodríguez,4979
Sofía,Torres,5885
Javier,González,4840
Valentina,González,6675
Ricardo,Pérez,2322
Camila,Rodríguez,3866
Valentina,Castillo,2749
Andrés,Vargas,5972
Valentina,González,4567
Valentina,Jiménez,3621
Isabela,Ruiz,4662
Andrés,Ruiz,6391
Pedro,Sánchez,9747
Sebastián,Sánchez,7478
Daniela,Ruiz,2127
Miguel,Jiménez,4283
Javier,López,9071
Javier,Martínez,7989
Camila,Castro,8766
Camila,González,5010
Pedro,Díaz,2501
Isabela,Mendoza,1423
Laura,González,2474
Miguel,Sánchez,4443
Andrés,Jiménez,1800
Juan,Rodríguez,8220
Pedro,Álvarez,7131
Javier,Mendoza,1019
Diego,Rodríguez,8761
Carlos,Vargas,3875
Daniela,Álvarez,2966
Javier,López,1387
Pedro,Vargas,3506
Isabela,Jiménez,8636
Laura,Vargas,4729
Juan,Álvarez,4584
Isabela,Romero,7140
Valentina,Díaz,4993
Fernanda,Romero,7917
Carlos,Torres,6917
Valentina,Álvarez,6849
Ricardo,Moreno,7798
Juan,Sánchez,7880
Valentina,Rodríguez,1648
Javier,González,2815
Valentina,Martínez,2515
Ana,Torres,4486
Sebastián,Hernández,7288
Ana,Moreno,4887
Fernanda,Álvarez,8848
Laura,Pérez,2534
Isabela,Vargas,5263
Diego,Moreno,9542
Luis,Rodríguez,5908
Isabela,Pérez,4979
Andrés,Sánchez,4300
Javier,Álvarez,7527
Laura,Martínez,3482
Sebastián,Álvarez,1053
Laura,Jiménez,6895
Ricardo,Hernández,2410
Valentina,Ramos,7298
Isabela,Martínez,7184
Javier,Díaz,9038
Ricardo,Mendoza,9919
Luis,Mendoza,5864
Carlos,Castillo,6875
Gabriela,Hernández,7361
Ana,López,2384
Gabriela,Hernández,3905
Andrés,Rodríguez,7695
Camila,López,2573
Diego,Vargas,5762
Miguel,Sánchez,1466
Luis,Mendoza,1453
Andrés,Vargas,9986
Camila,Vargas,4268
Gabriela,García,5751
Gabriela,Díaz,5430
Andrés,Castillo,9679
Daniela,González,1312
Fernanda,Romero,1343
Juan,Moreno,9012
Andrés,Díaz,6066
Sebastián,Díaz,5431
Ana,Jiménez,6508
María,Moreno,2615
Sofía,Romero,2775
Sebastián,Rodríguez,4503
Sebastián,Hernández,5454
María,Sánchez,2863
Diego,Torres,1912
Miguel,Pérez,3814
Laura,Castro,8546
Andrés,Jiménez,5698
María,Moreno,9619
Daniela,Moreno,2178
Gabriela,Jiménez,1546
Pedro,Martínez,8008
Miguel,Díaz,7396
Ana,Hernández,1374
Ana,Moreno,8987
Daniela,Torres,8978
María,Díaz,3873
Miguel,Castro,5916
Luis,Ramos,3127
Isabela,López,5063
Miguel,Romero,8459
Daniela,Castillo,6462
Juan,Rodríguez,8515
Gabriela,Ruiz,3380
Andrés,Martínez,3819
Laura,Martínez,6073
Luis,Díaz,2204
Miguel,González,8830
Gabriela,Ruiz,9522
Sebastián,Mendoza,3453
Gabriela,Hernández,7057
Fernanda,Mendoza,8403
Luis,Jiménez,5649
Andrés,García,7627
Luis,Castillo,9332
Miguel,Sánchez,5923
Camila,Pérez,4952
Luis,Castro,3581
Laura,Hernández,2388
Pedro,Álvarez,6010
Carlos,Rodríguez,8136
Andrés,Jiménez,6949
Miguel,González,8974
Sebastián,Ruiz,4292
Ana,García,8088
Ana,Vargas,7943
Camila,Díaz,8479
Fernanda,Castro,7754
Ricardo,Romero,9674
Laura,López,9075
Pedro,Díaz,2931
Miguel,Castillo,5953
Ricardo,Vargas,6311
Diego,Romero,9109
Ricardo,Vargas,5860
Juan,Ruiz,2213
Ana,Hernández,8976
María,Romero,5185
Gabriela,Mendoza,2293
Valentina,García,8844
Sebastián,Romero,3426
Camila,Hernández,6367
Gabriela,Ramos,1096
Carlos,Moreno,8884
Luis,Mendoza,2870
Isabela,Rodríguez,9153
Luis,Díaz,6318
Pedro,Ruiz,9534
Daniela,Castillo,3885
Fernanda,López,8905
Sebastián,González,7677
Ricardo,Hernández,8439
Pedro,García,5096
Laura,Sánchez,4946
Juan,López,8467
Ana,Mendoza,8961
Sebastián,Rodríguez,7480
Sofía,Vargas,4076
Andrés,Ruiz,9299
Valentina,Díaz,5366
Valentina,Castro,3870
Diego,Ramos,2693
Isabela,Vargas,9280
Diego,Álvarez,4350
Ana,Rodríguez,7297
Carlos,Castro,6304
María,Pérez,7517
Ricardo,Romero,7154
Camila,López,4566
Miguel,Díaz,3849
Diego,Jiménez,9868
Fernanda,Romero,4301
Diego,Ramos,3514
Sofía,Ruiz,6545
Miguel,Álvarez,5251
Sebastián,Ramos,5107
Isabela,Moreno,4141
Valentina,Jiménez,8311
Luis,López,5047
Juan,Hernández,6075
Juan,Ramos,1535
Juan,Castro,3195
Ricardo,Rodríguez,3621
Laura,Castro,3172
Valentina,Sánchez,4733
Daniela,Castillo,6073
Sofía,Romero,2111
Daniela,Mendoza,2976
Pedro,Castillo,5842
Miguel,Torres,7006
Sofía,Mendoza,3204
Camila,Jiménez,2907
Miguel,Hernández,9000
Pedro,García,2842
Valentina,Rodríguez,3511
Valentina,García,4375
Valentina,Ruiz,2201
Luis,García,1959
Fernanda,Castro,2525
Diego,Torres,1911
Sebastián,Ramos,9094
Pedro,Martínez,3668
Daniela,Torres,7791
Isabela,Castillo,9218
Isabela,Torres,6906
Isabela,Hernández,3281
Miguel,Ramos,4260
Carlos,Castillo,6527
Carlos,Romero,1480
Javier,González,9125
Valentina,Moreno,1600
Ricardo,López,1058
Camila,Martínez,2198
Camila,Rodríguez,7637
Sofía,Sánchez,9054
Javier,García,5302
Isabela,González,5150
Pedro,Hernández,1055
Laura,Hernández,2415
Ana,Ramos,2068
Fernanda,Rodríguez,4023
Andrés,Díaz,5041
Ana,Pérez,2312
Pedro,Castillo,8966
Sofía,García,2766
Luis,Álvarez,9048
Valentina,González,6240
Diego,Díaz,8493
Carlos,Mendoza,8032
Javier,Castro,5842
Juan,Pérez,6225
Luis,Castillo,9846
Camila,Jiménez,3216
Isabela,Vargas,5511
Sebastián,Castro,4388
Sofía,Díaz,1673
Juan,Moreno,1000
Isabela,Castillo,8746
Carlos,Ramos,3059
Ana,Vargas,4454
Camila,Castillo,8311
Ana,Hernández,3028
Javier,Romero,5865
Valentina,García,6097
Sofía,Mendoza,7904
Ana,Castro,7634
Sebastián,Castro,9023
María,Martínez,9618
Sebastián,Vargas,7427
Gabriela,Ramos,4751
Camila,García,2912
Isabela,Rodríguez,5723
María,López,9110
Valentina,García,8547
Javier,Martínez,5908
María,González,4004
Diego,Torres,8675
Daniela,Rodríguez,7363
Camila,Castillo,2954
Juan,López,3445
Sebastián,Díaz,9497
Miguel,González,2635
Miguel,Ruiz,1218
Valentina,González,1903
Carlos,Castillo,7400
Valentina,Romero,8261
Valentina,Mendoza,3897
María,Castro,1675
Ana,Rodríguez,6992
Carlos,Rodríguez,6080
Sebastián,Jiménez,5379
Diego,Álvarez,8122
Pedro,Díaz,3998
Daniela,Pérez,5504
Juan,Torres,2631
Valentina,Ramos,1368
Andrés,Díaz,3233
Pedro,Vargas,1966
Ana,Vargas,8281
Valentina,Sánchez,7787
Valentina,Castillo,8675
Sofía,García,6055
Juan,Ruiz,2662
Andrés,Mendoza,5045
Valentina,Torres,4361
Juan,Rodríguez,3895
Javier,Vargas,8083
María,Romero,4633
Juan,Mendoza,8425
Juan,Álvarez,2111
Fernanda,Pérez,3680
Daniela,Díaz,9719
Ana,González,3534
María,Romero,4448
Sebastián,Martínez,5158
Carlos,Vargas,8536
Daniela,Pérez,2335
Laura,Álvarez,6385
Diego,Castro,2225
Camila,Rodríguez,3320
Gabriela,Díaz,6117
María,Ramos,4202
Sofía,González,8854
Gabriela,Torres,1719
Andrés,Ruiz,4716
Luis,Moreno,1485
Ana,García,3695
Miguel,Romero,6040
Sebastián,Moreno,9373
Javier,Rodríguez,1612
Isabela,García,4849
Diego,Rodríguez,5806
Juan,Mendoza,9662
Sebastián,Hernández,6179
Javier,Martínez,5206
Sofía,Hernández,4599
Sebastián,Ramos,5899
Pedro,Martínez,3177
Luis,Jiménez,4149
Diego,Hernández,9877
Pedro,Pérez,1352
Diego,Díaz,8823
Juan,Mendoza,6712
Diego,Sánchez,9468
Sofía,González,3794
Carlos,Ruiz,5178
Isabela,Romero,8364
Luis,Martínez,9799
Luis,Díaz,5120
Andrés,Ruiz,1836
Camila,Romero,3378
Juan,Vargas,9941
Pedro,Ramos,9847
Andrés,Romero,4572
Sebastián,Ruiz,3087
Fernanda,Hernández,4190
Isabela,Rodríguez,1119
Diego,Mendoza,7809
María,Torres,7924
Valentina,Mendoza,7467
Juan,Álvarez,5076
Miguel,Ramos,1341
Miguel,Díaz,3681
Miguel,Jiménez,3155
Diego,Álvarez,5035
Miguel,Ruiz,1126
Valentina,Ruiz,9065
Luis,Jiménez,1963
Diego,Vargas,5916
Isabela,Castillo,8812
Ricardo,Sánchez,7962
Gabriela,Castro,1755
Daniela,Vargas,9942
Valentina,Rodríguez,2237
Pedro,Díaz,3444
Camila,Díaz,6221
Valentina,Moreno,1474
Daniela,Castillo,8263
Juan,Mendoza,1235
Miguel,Ruiz,7962
Luis,Castro,8330
Sofía,Castro,3698
Fernanda,Castro,6741
Daniela,López,3966
Andrés,Romero,4495
Ana,Álvarez,7169
Juan,Vargas,5493
Andrés,García,3912
Javier,Torres,8284
Diego,Castro,8851
Camila,Ramos,7267
Fernanda,Mendoza,6608
Pedro,Romero,7714
Luis,López,2893
Javier,Jiménez,5131
Ricardo,Castillo,8602
Carlos,Ramos,1438
Camila,Ramos,6994
Sebastián,Hernández,8740
Carlos,Moreno,2917
Luis,Álvarez,3524
Miguel,Álvarez,9910
Pedro,Álvarez,8009
Daniela,Moreno,5634
Valentina,Romero,4965
Laura,Jiménez,2489
Fernanda,Moreno,7633
Ana,Álvarez,4069
Sofía,Martínez,1738
Juan,Romero,1996
Sofía,Díaz,7251
Sofía,García,5851
Diego,Díaz,7541
Daniela,González,1169
Sofía,Torres,3539
Ricardo,Rodríguez,6817
Fernanda,Romero,9714
Andrés,García,5318
Sofía,Mendoza,9998
Laura,López,6241
Pedro,Martínez,1457
María,Castillo,8335
Pedro,Rodríguez,4478
Gabriela,Álvarez,4763
Ana,Álvarez,5821
Ricardo,García,6806
Laura,López,4699
Ricardo,Martínez,5591
Diego,López,2501
María,Romero,6496
Pedro,Ruiz,1475
Fernanda,Vargas,3579
Pedro,Mendoza,8936
Miguel,Castillo,3544
Fernanda,Ruiz,3747
Laura,Moreno,6014
María,Romero,6868
Juan,López,3713
Andrés,García,4110
Isabela,Hernández,1155
Miguel,Castillo,8036
Valentina,Ruiz,3975
Laura,Castillo,6152
Carlos,García,2657
Andrés,Torres,6138
Valentina,Vargas,5314
Daniela,Jiménez,7623
Gabriela,Jiménez,2072
Juan,Álvarez,4560
Andrés,González,8230
Ricardo,Torres,4440
Pedro,Díaz,7368
María,Castillo,9979
Gabriela,Castro,5858
Sebastián,Moreno,5940
Isabela,González,2182
Ana,Hernández,8750
Isabela,Hernández,4693
Fernanda,González,7396
Daniela,Torres,6115
Miguel,Torres,7951
Diego,Ruiz,7261
Gabriela,García,2767
Juan,López,5414
Sebastián,Sánchez,2611
Valentina,Martínez,6559
Camila,Torres,4531
Camila,Sánchez,9303
Javier,Mendoza,7797
Diego,Vargas,3764
Juan,García,4964
Daniela,Moreno,4777
Camila,Mendoza,1905
Gabriela,Vargas,7672
Javier,González,6010
Miguel,Jiménez,1346
Carlos,Romero,4075
Luis,Pérez,8539
Sofía,Moreno,6311
Andrés,Moreno,7013
Sebastián,Ramos,8791
Pedro,Mendoza,5296
Miguel,Castillo,7486
Ana,Castillo,8178
Sebastián,Pérez,8861
Sofía,Mendoza,8620
Javier,Rodríguez,4312
Fernanda,Pérez,6730
Pedro,Castillo,4043
Pedro,Ruiz,7727
Sebastián,Sánchez,8126
Carlos,González,8715
Juan,Romero,6749
Gabriela,Moreno,3892
Luis,García,8302
Laura,López,9567
Diego,López,3643
Laura,Mendoza,9397
Isabela,Castro,4748
Juan,Mendoza,4368
Ricardo,Martínez,1752
Juan,Moreno,3524
Gabriela,Álvarez,3863
Andrés,González,5495
Gabriela,García,1907
Ana,Sánchez,3482
Isabela,Vargas,3145
María,Castro,1934
Pedro,Ramos,9341
Carlos,Torres,5148
Javier,Rodríguez,9073
Juan,Díaz,4516
Diego,González,3862
Ricardo,Castro,6973
Miguel,Ramos,2006
Ricardo,Ruiz,2670
Daniela,Castillo,4089
Luis,Díaz,4040
Andrés,Martínez,2478
Daniela,Mendoza,5764
Andrés,Vargas,7423
Javier,Álvarez,9974
Diego,Mendoza,9324
Isabela,Romero,3650
Miguel,Castro,9059
Valentina,Álvarez,4896
Ricardo,Castillo,8066
María,Torres,6672
Camila,Mendoza,1310
Sebastián,Mendoza,5035
Carlos,González,8572
Isabela,Martínez,7002
Andrés,González,5923
Valentina,Álvarez,6671
Daniela,Castillo,7068
Miguel,Martínez,6082
Daniela,Castro,5219
Valentina,García,1909
Diego,Mendoza,5925
Diego,Torres,3698
Ricardo,Rodríguez,3936
Diego,Castro,5997
Miguel,Romero,2532
Isabela,Álvarez,9324
Ana,Torres,8238
Laura,García,3071
Pedro,Sánchez,9548
Carlos,Sánchez,1165
Valentina,Martínez,9710
Sebastián,Ruiz,9777
Valentina,Díaz,1751
Juan,Sánchez,4227
Sofía,Martínez,2796
Pedro,Sánchez,4513
Laura,Jiménez,9642
Pedro,López,5632
Laura,Rodríguez,4962
Daniela,Castillo,7715
Isabela,López,3597
Luis,Moreno,5597
Sofía,Pérez,2403
Fernanda,Jiménez,7278
María,Ruiz,9827
Pedro,Rodríguez,9436
Luis,Díaz,7836
Fernanda,González,5611
Andrés,Moreno,2194
Sofía,Jiménez,6915
Sofía,Castillo,6942
Laura,Álvarez,1371
Javier,Ruiz,5126
Diego,Hernández,2579
Javier,Romero,3911
Laura,Pérez,2614
Daniela,Rodríguez,8384
Gabriela,Castro,4136
Camila,Ruiz,2597
Laura,Moreno,6265
Camila,Castillo,5093
Sebastián,García,4389
Diego,Mendoza,9617
Laura,Ruiz,4467
María,Torres,4432
Isabela,López,3788
Luis,Castillo,8609
Sofía,Torres,1374
Miguel,Torres,1397
Diego,Mendoza,8044
Javier,Ramos,4088
Sebastián,Ramos,5829
Juan,Díaz,7915
Juan,Díaz,7079
Fernanda,Mendoza,4977
Fernanda,Romero,2691
Juan,Ramos,3076
Laura,Mendoza,2392
Sofía,González,4156
Ricardo,Romero,9127
Miguel,García,3549
Carlos,García,9466
Javier,Pérez,7237
Ricardo,López,8567
María,Díaz,5963
Javier,Díaz,7612
Valentina,Ruiz,6328
Ricardo,Castro,8728
Diego,Mendoza,3710
Miguel,García,1260
Camila,Jiménez,9240
María,García,7410
Sebastián,Romero,9582
Diego,Pérez,4739
Diego,Rodríguez,3832
Ana,Moreno,5486
Luis,Pérez,5934
Gabriela,Rodríguez,7038
Pedro,Castro,9334
Javier,Ramos,7702
Ricardo,Romero,8622
Camila,Jiménez,2396
Juan,Sánchez,3572
Juan,Ramos,6290
Camila,González,6802
María,Martínez,5333
Ricardo,González,9231
Laura,Álvarez,6659
Camila,Díaz,8173
Andrés,Torres,2050
Pedro,Díaz,1335
Ana,Jiménez,8100
Sebastián,Torres,2382
Daniela,Jiménez,7477
Laura,Castro,3920
Laura,Castro,8472
Gabriela,Castillo,3848
Andrés,Ruiz,2008
Luis,Rodríguez,8473
Valentina,Mendoza,6076
Sofía,Castillo,7424
Fernanda,Ramos,5576
Pedro,Ruiz,6711
Daniela,Álvarez,2640
Valentina,Torres,7682
Pedro,Mendoza,2239
Sebastián,López,4704
Ricardo,Díaz,7975
Andrés,Rodríguez,9395
Daniela,Romero,9589
Daniela,Pérez,2310
Fernanda,Martínez,3314
Ana,Martínez,6802
Sofía,Sánchez,6921
Daniela,Jiménez,6591
Carlos,Martínez,4109
Luis,González,4553
Pedro,Jiménez,7845
Laura,Vargas,4469
Miguel,Jiménez,2300
Gabriela,Vargas,9376
Carlos,Hernández,9987
Gabriela,Jiménez,3205
Carlos,Martínez,3792
Sebastián,Hernández,4398
Javier,Moreno,6752
Sebastián,Ramos,6500
Ana,Moreno,7563
Sofía,López,1804
Isabela,Ruiz,1926
Isabela,Hernández,1561
María,Torres,7076
Diego,Romero,4267
Sebastián,Martínez,6017
Carlos,Rodríguez,8500
Fernanda,Sánchez,8388
Gabriela,Hernández,3445
Diego,Ruiz,7941
Sebastián,Romero,9292
Carlos,Pérez,3258
Andrés,García,9470
Laura,Castillo,7473
Isabela,Castillo,6320
Ana,Álvarez,2918
Miguel,Castillo,2379
Valentina,Moreno,2999
Gabriela,Álvarez,3692
Diego,Hernández,6309
Laura,Ramos,5769
Gabriela,Ramos,4434
Sebastián,Moreno,8737
Juan,Castro,1002
Daniela,Álvarez,6255
Fernanda,López,9291
Gabriela,Álvarez,1228
Sebastián,Mendoza,2370
Javier,Vargas,4549
Luis,Ramos,3194
Camila,Ramos,5324
Laura,Rodríguez,1974
Valentina,Torres,2835
Diego,Romero,4203
Ricardo,Castro,2378
Fernanda,Moreno,1966
Pedro,García,1823
Miguel,Pérez,1827
Gabriela,Vargas,4264
Ana,Torres,4920
Luis,Pérez,7701
Juan,Romero,4944
Laura,Romero,9990
Ricardo,Álvarez,3297
Miguel,González,7955
Gabriela,Sánchez,2163
Juan,Pérez,6064
Miguel,Martínez,1003
Javier,Jiménez,1890
Luis,Jiménez,7908
Sofía,Hernández,4681
Carlos,Pérez,1385
Gabriela,García,7200
Ana,Castillo,9761
Camila,Ruiz,4979
Pedro,Díaz,5459
Camila,Sánchez,3032
Isabela,Romero,1397
Diego,Ramos,4558
Sofía,Pérez,1850
Daniela,Sánchez,8246
Luis,Romero,4551
Gabriela,López,9856
Daniela,Castro,5863
Javier,Castillo,5186
Valentina,Jiménez,6335
Isabela,Pérez,1446
Javier,Ramos,9821
Isabela,Romero,2435
Diego,García,2879
Sebastián,Torres,2320
Ricardo,López,8912
María,Torres,9613
Diego,Hernández,2259
Fernanda,Castillo,8568
Pedro,Moreno,9515
Isabela,Moreno,1198
Javier,Castillo,3923
Isabela,Vargas,5376
Javier,Pérez,5693
Laura,Vargas,4891
Pedro,Romero,9021
Diego,Hernández,6965
Diego,Mendoza,4272
Andrés,Díaz,4094
Ana,Rodríguez,5143
María,Torres,3339
Andrés,García,4758
Pedro,Martínez,9852
Camila,Moreno,9759
Carlos,Mendoza,4447
Laura,Moreno,3403
María,Sánchez,6225
Carlos,Rodríguez,8619
Sofía,Díaz,6829
Fernanda,Rodríguez,1670
Ana,López,3960
Ana,Moreno,5631
Fernanda,Ruiz,2523
Javier,Hernández,2837
Sofía,Pérez,7089
Ricardo,Ramos,4777
Ana,Ruiz,9544
Carlos,Mendoza,4885
Andrés,Hernández,1283
Javier,Martínez,7055
Luis,Álvarez,3251
Andrés,Sánchez,8527
Pedro,García,2191
Carlos,Moreno,7820
Javier,Rodríguez,3430
Valentina,González,5943
Carlos,Vargas,4202
Laura,García,4176
Luis,Rodríguez,8557
Fernanda,Moreno,9352
Isabela,Castro,8266
Diego,Hernández,9043
María,Martínez,6396
Diego,Díaz,9920
Valentina,Díaz,8677
Javier,Ramos,4876
Ricardo,López,3134
Isabela,Moreno,8056
Fernanda,García,7385
Laura,Díaz,9932
Gabriela,López,5384
Andrés,Pérez,1459
Javier,Romero,7420
Andrés,Díaz,5652
Laura,Sánchez,9853
Camila,Torres,5940
Luis,Martínez,4740
Camila,Mendoza,5110
Sebastián,López,1230
Luis,Torres,7711
Sofía,Moreno,4328
Camila,Moreno,9773
Juan,Sánchez,7844
Sofía,López,3750
Carlos,Moreno,5750
Camila,Mendoza,6951
Fernanda,Romero,8697
Sebastián,Ruiz,1103
Camila,Pérez,7902
Sofía,Ruiz,5264
Isabela,Ruiz,9122
Luis,Moreno,9731
Luis,Vargas,1637
Daniela,Ruiz,5317
Laura,García,7696
Sofía,Díaz,7795
Diego,Vargas,2301
Andrés,Vargas,2879
Juan,López,4827
Valentina,Romero,3170
Luis,Rodríguez,7222
María,Díaz,1530
Carlos,Castro,7939
Andrés,Martínez,6757
Andrés,Hernández,1569
Carlos,Jiménez,8244
Camila,Jiménez,4929
María,González,5198
Ricardo,Sánchez,4893
Camila,Martínez,3058
Andrés,Jiménez,1852
Miguel,Díaz,4904
Gabriela,Rodríguez,8280
Ana,Ramos,5485
Sebastián,Díaz,5150
Ana,López,4087
Andrés,Díaz,2811
Fernanda,González,8779
Luis,Moreno,3130
Carlos,López,2813
Daniela,Castillo,5620
Gabriela,Díaz,5675
Isabela,Jiménez,7394
Diego,Sánchez,8036
Ana,Sánchez,4636
Gabriela,Ruiz,3710
Miguel,Castro,4662
Juan,Ramos,7491
Laura,Castro,2405
Fernanda,Castillo,2728
María,Castro,7293
Sebastián,Ruiz,3106
Camila,Ramos,9950
Luis,González,7094
Fernanda,Mendoza,9167
Sofía,Díaz,1174
Javier,Pérez,6496
Miguel,Ruiz,2940
Carlos,Pérez,2662
Ana,Torres,7024
Daniela,Castillo,5626
Luis,Díaz,2652
Laura,Sánchez,5613
María,Torres,5274
Isabela,Jiménez,2775
Gabriela,Hernández,8513
Ricardo,Moreno,2085
Sebastián,González,8387
Ana,Hernández,2785
Gabriela,Romero,8486
Fernanda,Hernández,7242
Valentina,Jiménez,7209
Ana,López,5645
Camila,Castro,4706
Isabela,Moreno,7820
Laura,Hernández,2824
Daniela,Torres,5325
Ricardo,Romero,6053
Carlos,Hernández,9075
Javier,Martínez,6327
Isabela,Ruiz,9526
Ana,Romero,7683
Daniela,García,4897
Andrés,Díaz,7899
Valentina,Torres,2149
María,Romero,9254
Miguel,Romero,3243
Ana,Vargas,9024
Pedro,Sánchez,4647
María,Ramos,3861
Camila,Castro,5229
Daniela,Ramos,9202
Camila,Torres,5739
Juan,Castillo,3258
Isabela,García,8009
Javier,Hernández,7372
Camila,Castro,3941
Sebastián,Martínez,7641
Andrés,Castillo,3437
Camila,García,4962
Diego,González,5762
Sebastián,Castillo,6484
Camila,Martínez,9130
Isabela,Álvarez,6383
Fernanda,Jiménez,6831
María,García,6411
Miguel,Hernández,8547
Isabela,Ruiz,9233
Miguel,Pérez,4833
Gabriela,López,9077
Isabela,Castillo,2135
Juan,Martínez,7875
Gabriela,Pérez,4173
Sofía,García,9403
Diego,Ramos,6869
María,Romero,6819
Sebastián,González,2674
Ana,Martínez,2869
Sebastián,Pérez,5173
Ana,Ramos,6170
Daniela,Castro,3362
Diego,López,3356
Andrés,García,6658
Carlos,Ruiz,8299
Carlos,Rodríguez,9387
Camila,Vargas,7456
Carlos,Vargas,3074
Javier,Romero,9707
Sebastián,González,2539
Isabela,Mendoza,8257
Diego,Álvarez,9147
Diego,Álvarez,1358
Javier,Romero,3385
Laura,Jiménez,7044
Carlos,Álvarez,8760
Gabriela,Jiménez,8493
Isabela,Jiménez,7604
Carlos,Hernández,4233
Javier,Martínez,2358
Laura,Vargas,2333
Ana,Mendoza,9008
Juan,Hernández,9222
Carlos,Mendoza,8067
Laura,Ruiz,3081
Luis,Hernández,3109
Juan,Torres,6736
Luis,Torres,1465
Carlos,Mendoza,7850
Valentina,Sánchez,2798
Pedro,Álvarez,5950
Sebastián,Martínez,8904
Isabela,Romero,5572
Gabriela,Castro,7024
Miguel,Castillo,7111
Valentina,Torres,7733
Gabriela,Hernández,4952
Javier,Álvarez,2357
Javier,Castillo,3684
Ana,Castillo,8782
Ana,Torres,1388
Javier,Martínez,5730
Ana,Vargas,6040
Daniela,García,6121
Ricardo,Castro,5478
Carlos,Moreno,9489
Carlos,López,7042
Valentina,Hernández,7392
Laura,Torres,2361
Valentina,Rodríguez,3505
Daniela,Castillo,8940
Pedro,Torres,6255
Ana,Moreno,2104
Isabela,García,4318
Valentina,González,9838
Fernanda,Ruiz,2987
Fernanda,González,6556
Pedro,Ramos,4488
Javier,Ruiz,2041
Sebastián,Rodríguez,9111
Daniela,González,7524
Luis,Jiménez,3320
Gabriela,Mendoza,1559
Gabriela,González,4764
Ricardo,Hernández,3622
Sebastián,Pérez,6886
Juan,García,8481
María,García,9268
Juan,Torres,2553
Gabriela,Ramos,5195
Sofía,Mendoza,7606
Ricardo,Rodríguez,7892
Luis,Moreno,8981
Sofía,García,5375
Daniela,Mendoza,1826
Laura,García,8963
Miguel,González,2533
Javier,Sánchez,4945
Sofía,Torres,4119
Gabriela,García,2666
Carlos,Vargas,9926
Javier,Díaz,1202
Javier,Castro,9898
Sofía,García,6004
Andrés,Jiménez,7006
Juan,Castillo,3663
Camila,Hernández,9930
Valentina,Sánchez,6069
Miguel,Sánchez,8085
Luis,Castro,1868
Isabela,Castillo,2678
Ana,Vargas,6390
Ricardo,Jiménez,5370
Ricardo,Jiménez,3796
Daniela,Díaz,8567
Miguel,Castillo,6548
Luis,Díaz,3475
María,Jiménez,6209
Juan,Álvarez,9229
Ana,González,3593
Andrés,Sánchez,3914
Gabriela,Rodríguez,4334
Ricardo,Romero,1887
Sebastián,Sánchez,6892
Ana,González,8106
Sofía,Martínez,8179
Miguel,Ruiz,8261
Ricardo,Castillo,6301
Gabriela,López,5712
Juan,Ruiz,2507
Javier,Torres,9552
Carlos,Castillo,8299
Sebastián,Mendoza,1790
Ricardo,Martínez,5866
Ricardo,Díaz,4575
Pedro,Rodríguez,8326
Juan,Ruiz,8770
Javier,Ruiz,2438
Carlos,Hernández,8604
Carlos,Ramos,2114
Andrés,García,8752
Valentina,Castro,1871
Valentina,Hernández,2860
Javier,López,8549
Luis,Díaz,2369
Ana,Pérez,1027
Sofía,García,6642
Fernanda,Castro,6026
Carlos,González,6073
Carlos,Ruiz,6984
Javier,Álvarez,5115
Camila,Moreno,3831
Miguel,Sánchez,6385
Ana,García,5194
Camila,Jiménez,1870
Ricardo,Romero,5115
Miguel,Hernández,7426
María,Hernández,4637
Valentina,Jiménez,1834
Pedro,Rodríguez,4924
Ricardo,Álvarez,3842
Diego,Díaz,4432
Luis,Vargas,4744
Laura,Torres,9330
Valentina,Hernández,8017
Daniela,Mendoza,7244
María,Rodríguez,6458
Isabela,Castillo,2801
Laura,Mendoza,7018
Camila,García,8105
Sebastián,Sánchez,6194
Daniela,Castillo,2732
Daniela,Jiménez,5693
Sebastián,Martínez,3544
Luis,López,1839
Ricardo,Pérez,5131
Miguel,Mendoza,8721
Carlos,Mendoza,5048
Javier,Jiménez,8631
Camila,Pérez,6348
Ricardo,Vargas,7125
Sofía,García,8371
Ricardo,Castillo,7851
Luis,Torres,4351
Gabriela,Torres,6422
Ricardo,Moreno,2771
Javier,García,3096
Ana,Pérez,2577
Sofía,Jiménez,5989
Diego,Pérez,1185
Miguel,Romero,8587
Daniela,Jiménez,3564
Camila,Hernández,5015
Ricardo,Moreno,8931
Sebastián,Pérez,8186
Miguel,Álvarez,6999
Ricardo,Hernández,2774
Sebastián,Romero,9823
Camila,Vargas,9607
Carlos,Jiménez,5393
Camila,Díaz,2053
Camila,Díaz,3214
Javier,Díaz,7304
Ricardo,González,8242
Sebastián,Moreno,8280
Isabela,Rodríguez,2455
Miguel,Martínez,2131
Andrés,Rodríguez,9574
Valentina,Rodríguez,4891
Ricardo,Martínez,5904
Isabela,Moreno,1920
Fernanda,García,6362
Laura,Martínez,2239
Camila,Romero,9617
Andrés,Martínez,1119
Miguel,Ramos,5839
Sofía,Sánchez,8115
Valentina,García,1658
Ana,Vargas,6419
Isabela,González,1285
Laura,Jiménez,6405
Daniela,Mendoza,2837
Andrés,Ruiz,7316
Luis,Torres,5620
María,Castillo,3677
Juan,García,7612
Sebastián,Castillo,1810
Gabriela,Álvarez,3168
Ricardo,Romero,9055
Pedro,Mendoza,9551
Andrés,Vargas,3326
Pedro,Ramos,8746
Javier,Álvarez,8347
Juan,Moreno,5297
Fernanda,Mendoza,5877
Gabriela,Romero,7500
Carlos,Ruiz,4538
María,López,5647
Miguel,Ruiz,6459
Miguel,Ruiz,1809
Carlos,Castillo,3763
Carlos,Pérez,1487
Miguel,Rodríguez,3016
Carlos,Mendoza,4519
Isabela,Álvarez,2957
Ricardo,López,7519
Juan,Díaz,4172
Andrés,Martínez,7417
Isabela,López,5964
Ricardo,López,9542
Isabela,Mendoza,3222
Andrés,González,6865
Ricardo,Romero,8186
Diego,Ramos,3046
Diego,Díaz,2657
Javier,Pérez,7597
Gabriela,Castillo,4263
Gabriela,Ruiz,9955
Luis,Castillo,4136
Diego,Pérez,9685
Sebastián,García,4073
Pedro,Díaz,4886
Isabela,Castro,1440
Miguel,Rodríguez,5455
Pedro,Vargas,4654
Ana,Ramos,9358
Daniela,Torres,3580
Isabela,Mendoza,8255
Luis,Ramos,2301
Valentina,Moreno,7210
Ricardo,Mendoza,2653
Carlos,Vargas,8496
Isabela,Pérez,2285
Ana,Rodríguez,1821
Valentina,Vargas,6574
Valentina,Torres,8972
Isabela,Ruiz,7383
Daniela,Sánchez,7319
Pedro,Rodríguez,6799
Luis,Rodríguez,2476
Pedro,Ramos,5927
Camila,Torres,8470
Isabela,Hernández,7311
Luis,González,3989
Ricardo,Álvarez,5580
Valentina,Vargas,5755
Valentina,Rodríguez,1425
Sofía,Pérez,5024
Valentina,García,3294
Valentina,Mendoza,3990
Daniela,Hernández,5627
Javier,López,4402
Fernanda,Rodríguez,8835
Andrés,Rodríguez,1130
Daniela,Castro,2488
Gabriela,López,3634
Daniela,Mendoza,4959
Fernanda,Ramos,9037
Miguel,Castillo,9604
Camila,Pérez,9011
Carlos,Castillo,6065
Ricardo,Ruiz,6477
Pedro,Vargas,3886
Ana,Sánchez,5326
Javier,Vargas,6886
Laura,Álvarez,6483
Sofía,Vargas,1710
Ana,Castro,1953
Carlos,Hernández,9615
Valentina,Moreno,4722
Pedro,Jiménez,4572
Fernanda,Ramos,6522
Luis,Castro,7429
Sofía,Sánchez,2582
María,Castillo,8872
Daniela,Hernández,7496
Miguel,García,8747
María,Vargas,4291
Gabriela,Ramos,4026
Miguel,Álvarez,1005
Camila,García,3531
Ricardo,Castro,6290
Valentina,Hernández,2850
Ricardo,Rodríguez,1469
Javier,Sánchez,7036
María,Rodríguez,6060
Javier,Mendoza,2248
María,Jiménez,3383
Ricardo,González,8986
Javier,Ramos,9109
Sebastián,Pérez,9016
Luis,Castro,3522
Ana,González,3882
Ana,Mendoza,1505
Sofía,Jiménez,3064
Valentina,Martínez,5277
María,Romero,8453
Diego,Díaz,3864
María,Martínez,8585
Camila,Hernández,7655
Luis,Ramos,8885
Valentina,López,3682
Fernanda,Jiménez,9121
María,Moreno,4396
Fernanda,Romero,1204
Sofía,Martínez,2642
Daniela,Martínez,7198
María,Jiménez,7935
Isabela,Jiménez,3080
Miguel,Álvarez,1871
Sebastián,González,2486
Isabela,Vargas,1713
Camila,Jiménez,3979
Diego,Ramos,8380
Juan,Rodríguez,3550
Javier,Ramos,7573
Isabela,Martínez,9086
Ana,Moreno,2503
Miguel,Rodríguez,5500
Ricardo,Jiménez,6149
Luis,Moreno,6534
Sofía,López,8340
Ricardo,Hernández,1928
Daniela,Jiménez,5745
Gabriela,Sánchez,3468
Sofía,Pérez,1215
Sebastián,Ramos,4711
Javier,Hernández,1437
Andrés,Mendoza,4568
Camila,Vargas,1348
Javier,Hernández,1584
Carlos,González,4096
Daniela,Ruiz,3406
Sebastián,Sánchez,1466
Diego,López,4560
Fernanda,Vargas,9279
Javier,Ramos,3321
Gabriela,Ramos,9235
Carlos,Díaz,1229
Miguel,Martínez,6023
Sofía,Álvarez,1485
Valentina,Díaz,2115
Laura,Ruiz,7014
Diego,Moreno,4620
María,Sánchez,6056
Daniela,González,6964
Luis,Castillo,6448
Pedro,Torres,3377
Pedro,Jiménez,7552
Carlos,Sánchez,5803
Sofía,Martínez,6699
Andrés,Rodríguez,2198
Pedro,Mendoza,8912
Sofía,Ruiz,3640
Isabela,Mendoza,3195
Andrés,Martínez,5756
Juan,Castro,7896
Valentina,Sánchez,2537
Andrés,Martínez,8127
Pedro,Hernández,6867
Isabela,Álvarez,1722
Daniela,Romero,3521
Sofía,Díaz,7771
Fernanda,González,5262
Pedro,Jiménez,5512
Javier,Romero,6488
Diego,Hernández,6346
Diego,Martínez,3203
Gabriela,Hernández,1902
Daniela,Torres,8266
Ana,González,3479
Ana,Ruiz,1136
Camila,Romero,9730
Ana,Martínez,1658
Valentina,Hernández,9518
Laura,Vargas,1500
Camila,Jiménez,9462
Laura,Pérez,4193
Valentina,Torres,5347
Juan,Rodríguez,9039
Diego,Sánchez,9062
Miguel,Ramos,5825
Carlos,Díaz,1035
Carlos,Torres,1445
Laura,Díaz,1566
Camila,Vargas,5005
Luis,Castro,5443
Valentina,Álvarez,9347
Andrés,Vargas,6156
Javier,Díaz,2965
Pedro,Ramos,9135
Juan,García,7459
Sofía,Romero,4774
Luis,Romero,4388
Isabela,Díaz,5757
Fernanda,García,3837
Luis,García,2181
Pedro,Castillo,4914
Ricardo,López,1194
Juan,Mendoza,6075
Andrés,Castillo,1102
Ana,Romero,2370
Sebastián,Mendoza,5247
Valentina,Martínez,9343
Andrés,González,8546
Juan,Torres,3192
Valentina,Castro,8558
Sebastián,Martínez,9726
Sebastián,Ramos,4801
Sebastián,González,6077
Sofía,López,7100
Luis,Castillo,8493
Carlos,Castillo,5535
Camila,Álvarez,8930
Diego,Álvarez,1583
Sofía,Moreno,7384
Sofía,Mendoza,9794
Diego,Castillo,1605
Juan,Martínez,7609
Juan,López,7556
Luis,Ramos,9853
María,Sánchez,9495
Sofía,Castillo,4598
Daniela,Romero,7750
Valentina,Vargas,9496
Isabela,Álvarez,2135
Andrés,Torres,2881
Luis,Martínez,7889
Sebastián,Sánchez,1574
Carlos,Díaz,4514
Andrés,Torres,4506
Ricardo,Romero,4971
Juan,Jiménez,2725
Fernanda,Hernández,8287
Ana,Álvarez,6439
Sofía,Ramos,6003
Valentina,Álvarez,5096
Laura,Mendoza,8459
Diego,Moreno,4087
Camila,Jiménez,3167
Isabela,Hernández,3350
Gabriela,Jiménez,5664
Fernanda,Díaz,2938
Pedro,Hernández,1275
Andrés,Torres,2559
Sofía,García,9918
Andrés,Romero,1765
Pedro,Pérez,8719
Diego,Jiménez,8352
Luis,Moreno,9247
Sofía,Romero,3556
Laura,Romero,9946
María,Martínez,2272
Pedro,Pérez,5786
Daniela,Castillo,8834
Camila,Pérez,5920
Andrés,Mendoza,7210
Miguel,Jiménez,6593
Miguel,Pérez,1525
Andrés,Jiménez,1222
Fernanda,Mendoza,6968
Javier,Díaz,4575
Javier,García,7717
María,Ramos,8648
Fernanda,Ramos,6173
Luis,González,9340
Sebastián,Mendoza,2633
María,Castillo,1711
Luis,Castillo,3602
Diego,Castillo,1403
Pedro,Sánchez,4403
Valentina,Pérez,7860
Carlos,Vargas,5842
Javier,Moreno,5774
Fernanda,Díaz,1130
Carlos,Pérez,6111
María,Pérez,5058
Diego,Ruiz,1198
Daniela,Hernández,5267
Diego,Ruiz,7276
Luis,Moreno,5536
Carlos,Moreno,4053
Carlos,Sánchez,1538
Sebastián,Ruiz,5384
Luis,Rodríguez,9699
Pedro,Ruiz,8446
Camila,Ramos,4915
Laura,Martínez,1968
Gabriela,Mendoza,7833
Isabela,Pérez,3401
Diego,Castro,8574
Fernanda,Rodríguez,7094
Ricardo,Moreno,7185
María,Castro,9777
María,Castro,8230
Pedro,González,5905
Laura,Sánchez,2629
Carlos,Díaz,2162
Gabriela,Moreno,6823
Carlos,Díaz,7584
Pedro,Hernández,4940
Andrés,Castro,4531
Miguel,Torres,6685
Isabela,Castro,6385
Valentina,Díaz,8792
Ricardo,Moreno,7350
Andrés,Rodríguez,6478
Gabriela,Torres,8051
Diego,Castillo,3573
Carlos,Rodríguez,2808
Laura,Hernández,7621
Sofía,Díaz,6944
Diego,Martínez,3847
Sofía,Vargas,2557
Javier,Ramos,7039
Carlos,Castro,5572
Sofía,Pérez,8392
Sofía,Ruiz,6311
Javier,Castro,6493
Carlos,Rodríguez,2066
Luis,Castro,7994
Sofía,González,7584
Pedro,Torres,9834
María,Torres,5700
Valentina,Sánchez,1753
Javier,Romero,2723
Pedro,Romero,6826
Andrés,Pérez,3602
Miguel,Álvarez,1781
Camila,Moreno,8053
Sebastián,Sánchez,4269
Diego,García,9209
Carlos,González,8232
Javier,Ruiz,3190
Camila,Jiménez,8316
Gabriela,Romero,2127
Ricardo,Moreno,6715
Camila,Moreno,8176
Carlos,Castro,5906
Diego,Rodríguez,1930
Camila,Mendoza,1006
Javier,Mendoza,2763
Carlos,Vargas,9602
Camila,Martínez,6744
Ana,Vargas,4713
Camila,Mendoza,4847
Juan,Hernández,9332
Sebastián,Torres,8668
Pedro,López,8941
Fernanda,Sánchez,1173
Ana,Martínez,4388
Carlos,González,7934
Pedro,López,7581
Ricardo,Rodríguez,2748
Ana,Hernández,8638
Juan,Torres,6154
Fernanda,Díaz,6434
Valentina,Álvarez,8060
Sofía,Álvarez,3194
Ana,Rodríguez,8901
Javier,Jiménez,9286
Laura,Hernández,3299
Luis,Ramos,2523
Gabriela,Castro,7312
Laura,Pérez,8884
Juan,Ruiz,1072
Luis,Ramos,3522
Diego,Álvarez,1421
Juan,Hernández,8623
Valentina,Pérez,7361
Carlos,Rodríguez,5553
Juan,Díaz,5810
Javier,Hernández,4711
Sebastián,García,9968
Gabriela,Ramos,7477
Miguel,Rodríguez,8771
Pedro,Rodríguez,3928
Luis,Ramos,4874
Gabriela,Castro,9594
Carlos,Mendoza,8676
Carlos,Ruiz,5120
Pedro,Mendoza,4891
Miguel,Vargas,3142
Gabriela,Castro,3788
Gabriela,González,2156
Juan,González,4854
Javier,Díaz,5023
Ricardo,Romero,6378
Daniela,Ramos,7877
Ricardo,Rodríguez,3282
Miguel,Sánchez,9124
Gabriela,Castillo,8837
Ana,Castillo,4129
Luis,Jiménez,7827
Valentina,Vargas,7938
María,Mendoza,9192
Camila,Moreno,2114
Fernanda,Ruiz,6708
Isabela,López,4160
Miguel,Álvarez,1139
Pedro,Rodríguez,4184
Sofía,González,3828
Sebastián,Hernández,5016
Miguel,Pérez,6816
Luis,Castillo,8614
Camila,Díaz,5260
Ana,Martínez,5072
Luis,Torres,7530
Isabela,Mendoza,4278
Isabela,González,6728
Laura,García,8910
Ricardo,Romero,8064
Gabriela,Castro,7715
Ricardo,Castillo,1239
Pedro,Mendoza,6869
Sebastián,Vargas,7417
Fernanda,González,2311
Camila,Torres,5671
Ricardo,Jiménez,7436
Sebastián,Ruiz,7610
Diego,Díaz,8864
Ricardo,Torres,5739
Sebastián,Mendoza,7784
Gabriela,Hernández,3828
Carlos,Díaz,3478
Sofía,Álvarez,5417
Andrés,López,1440
Valentina,Ramos,9615
Camila,Álvarez,3424
Javier,Ramos,4365
Gabriela,Torres,3863
Valentina,Rodríguez,5516
Andrés,Díaz,3963
Gabriela,Moreno,7044
Sofía,Vargas,9716
Fernanda,Moreno,3103
Ricardo,Ruiz,8942
Sofía,Álvarez,1367
Sofía,Torres,2960
Ricardo,Torres,8558
Sofía,Álvarez,1906
Laura,García,4084
María,Mendoza,5462
Isabela,Romero,8365
Diego,Rodríguez,8019
María,Díaz,1739
Andrés,Mendoza,5556
Laura,López,6845
Fernanda,Torres,4580
Andrés,Jiménez,2486
Fernanda,Romero,6267
Javier,Rodríguez,6623
Pedro,Hernández,6084
Isabela,Vargas,9609
Pedro,Castro,2554
María,Moreno,7924
Sofía,Ruiz,7158
Carlos,Romero,5808
Fernanda,Ruiz,3583
Luis,Pérez,5412
Luis,Mendoza,4721
Juan,Sánchez,5358
Diego,González,2853
Gabriela,Romero,7025
María,González,8043
Valentina,Torres,3383
Valentina,Jiménez,1042
Andrés,Martínez,8415
Luis,Vargas,9425
María,Vargas,4653
Gabriela,Hernández,2116
Diego,García,7339
María,Pérez,3897
Daniela,Castillo,3697
Juan,Díaz,6798
Diego,Díaz,8044
Juan,Castro,1250
Javier,López,6559
Daniela,Romero,3812
Pedro,Ruiz,7326
Javier,Hernández,5583
Carlos,Castro,4762
Javier,Díaz,5800
Valentina,Castro,1358
Carlos,Martínez,1623
Javier,Castro,4387
Ricardo,Moreno,1757
Laura,González,9787
Luis,Díaz,9080
Ricardo,Martínez,2851
Juan,Castillo,2619
Sofía,Castro,8503
Laura,Castillo,5417
Miguel,Vargas,5451
Ricardo,Jiménez,3699
Isabela,Ramos,9253
Laura,Martínez,9976
Carlos,Jiménez,4172
Luis,Vargas,6081
Sebastián,Pérez,3936
Juan,Torres,9258
Gabriela,Ramos,7236
Miguel,Álvarez,6717
Valentina,Mendoza,4861
Miguel,Hernández,4704
Isabela,Moreno,3615
Miguel,Martínez,7730
Camila,Torres,7459
Miguel,Vargas,7034
Daniela,Pérez,4439
Luis,Ruiz,4615
Javier,Díaz,9138
Ana,Moreno,4217
Laura,Jiménez,1005
Diego,Rodríguez,3101
Ana,Hernández,5400
Miguel,González,9777
Fernanda,Ramos,5574
Javier,González,6140
Javier,Romero,3233
Juan,González,2267
Sofía,Mendoza,7602
Gabriela,Romero,6555
Carlos,Ramos,1264
Daniela,González,9350
Sebastián,Álvarez,2803
Camila,Sánchez,8833
Daniela,Moreno,7834
Luis,Vargas,1378
Sofía,Martínez,5156
Luis,Torres,8819
Camila,Castillo,4758
Ricardo,Jiménez,6824
Gabriela,Rodríguez,4610
Javier,Castillo,1037
Ana,Jiménez,1337
Andrés,Álvarez,6574
Pedro,Castro,5901
Daniela,Ramos,4612
Carlos,Torres,4043
Andrés,Hernández,5024
Javier,Mendoza,8291
Daniela,Vargas,3889
Fernanda,López,7251
Valentina,Rodríguez,9653
Pedro,Ramos,6670
Gabriela,Ruiz,8631
Pedro,Jiménez,7657
Fernanda,Díaz,1279
Juan,Díaz,6090
Javier,Castro,7684
Andrés,Castillo,8367
Ricardo,Castillo,1205
Pedro,Sánchez,8781
Pedro,González,4048
Ricardo,López,6949
Pedro,Ramos,9197
Fernanda,Martínez,6883
Fernanda,Romero,1471
Juan,Martínez,5209
Andrés,Rodríguez,6110
Gabriela,Rodríguez,7031
María,González,2311
Ana,Pérez,9674
Javier,Álvarez,7806
Laura,Torres,2580
Andrés,Castro,8165
Fernanda,Rodríguez,2612
Sebastián,Castillo,5748
Pedro,Pérez,7424
Carlos,Sánchez,1699
Gabriela,Rodríguez,9590
Pedro,Pérez,8439
Andrés,Ramos,7901
Luis,García,9213
Gabriela,Romero,1450
María,García,7095
Gabriela,García,1152
Ana,Torres,5916
Fernanda,Jiménez,4630
Andrés,Pérez,8705
Isabela,Álvarez,2690
Juan,Martínez,9366
Valentina,Castillo,4121
Isabela,Rodríguez,7312
Fernanda,Castillo,7214
Daniela,Martínez,2611
Diego,Vargas,6110
Andrés,Martínez,2791
Ricardo,Vargas,2883
Juan,Romero,5211
Andrés,Ruiz,9975
Miguel,Ruiz,7750
Luis,Castro,7225
Camila,Torres,9303
Javier,Hernández,3910
Sebastián,Sánchez,4998
Ricardo,Castillo,5755
María,Sánchez,6009
María,Moreno,4369
Sebastián,Torres,1516
Laura,Moreno,2803
Diego,López,2023
Valentina,Pérez,2055
Laura,Jiménez,9469
Andrés,Romero,4262
Daniela,Castro,4932
Valentina,Martínez,7061
Pedro,Martínez,7869
Ricardo,Mendoza,1638
Juan,Ramos,4540
Daniela,López,2587
Javier,López,1065
Carlos,Álvarez,2431
Daniela,Moreno,2535
Sebastián,Martínez,3374
Ana,Romero,9654
Sofía,Torres,8420
Ana,Mendoza,7089
Miguel,Martínez,5947
Ricardo,Torres,3403
Diego,Torres,4659
María,Pérez,9033
Daniela,Torres,6754
Diego,Jiménez,4212
Luis,Díaz,8698
Laura,González,2299
Diego,Ramos,7417
Camila,Mendoza,3499
Gabriela,Castillo,3788
Gabriela,Ramos,8710
Carlos,Hernández,6354
Valentina,Hernández,1457
Luis,Ruiz,4290
Sofía,Torres,7941
Gabriela,Torres,3955
Gabriela,Castillo,5707
Isabela,Castro,9940
Ana,Romero,2659
María,García,1154
Sofía,Álvarez,3805
Diego,Ramos,9684
Juan,Hernández,8583
Valentina,Romero,7864
Daniela,García,3865
Pedro,Torres,4537
Laura,Ramos,7928
Carlos,Castro,7320
Ricardo,González,7608
Ana,Pérez,7046
Pedro,Castro,7559
Miguel,Díaz,5322
Fernanda,Romero,3334
Carlos,Castro,4931
María,González,2461
Miguel,Moreno,7865
Miguel,Jiménez,8943
Ana,Moreno,6789
Juan,Ramos,4093
Javier,Sánchez,5614
Javier,López,2842
Ana,Díaz,3342
María,Moreno,7297
Diego,Rodríguez,5743
Sebastián,García,9991
Carlos,Hernández,7214
Juan,Rodríguez,4617
Pedro,Díaz,3717
Ana,Mendoza,1375
Ricardo,Pérez,3696
Sofía,López,2280
Camila,Jiménez,1925
María,Vargas,5369
Daniela,Hernández,2809
Isabela,Mendoza,3846
Andrés,Vargas,7988
Juan,Castro,8342
Sebastián,Torres,6735
Sebastián,Hernández,2420
Sebastián,Rodríguez,7002
